Nonfatal cases involving days away from work: selected characteristics (2011 forward),,,,,,,,,,,,,
Years:,2011 to 2018,,,,,,,,,,,,
,,,,,,,,,,,,,
Series ID,"Annual
2011","Annual
2012","Annual
2013","Annual
2014","Annual
2015","Annual
2016","Annual
2017","Annual
2018",,,,,
CSUGMX0XXXXX6O000,1020,2340,2190,1160,710,1150,150,260,,,,,
CSUGMX1100006O000,11720,10300,12210,11370,14290,9080,10050,11510,,,,,
CSUGMX1110006O000,2130,2460,3060,1800,2470,1560,2320,2200,,,,,
CSUGMX1110106O000,350,740,630,190,180,330,800,750,,,,,
CSUGMX1110116O000,350,740,630,190,180,330,800,750,,,,,
CSUGMX1110206O000,1780,1720,2430,1610,2280,1230,1520,1450,,,,,
CSUGMX1110216O000,1780,1720,2430,1610,2280,1230,1520,1450,,,,,
CSUGMX1120006O000,520,760,800,650,440,510,420,710,,,,,
CSUGMX1120106O000,80,50,20,60,50,20,20,20,,,,,
CSUGMX1120116O000,80,50,20,60,50,20,20,20,,,,,
CSUGMX1120206O000,440,700,750,580,380,480,390,680,,,,,
CSUGMX1120216O000,20,50,30,190,120,30,60,70,,,,,
CSUGMX1120226O000,410,640,720,400,260,450,330,610,,,,,
CSUGMX1120306O000,,,20,,,20,,,,,,,
CSUGMX1120316O000,,,20,,,20,,,,,,,
CSUGMX1130006O000,2360,1560,2020,2110,2290,1640,2270,2470,,,,,
CSUGMX1130106O000,480,340,280,450,330,290,370,620,,,,,
CSUGMX1130116O000,480,340,280,450,330,290,370,620,,,,,
CSUGMX1130206O000,140,110,160,140,210,90,120,150,,,,,
CSUGMX1130216O000,140,110,160,140,210,90,120,150,,,,,
CSUGMX1130306O000,760,180,380,220,220,110,770,190,,,,,
CSUGMX1130316O000,760,180,380,220,220,110,770,190,,,,,
CSUGMX1130506O000,160,440,250,320,420,430,240,450,,,,,
CSUGMX1130516O000,160,440,250,320,420,430,240,450,,,,,
CSUGMX1130606O000,120,50,90,30,110,20,40,120,,,,,
CSUGMX1130616O000,120,50,90,30,110,20,40,120,,,,,
CSUGMX1130706O000,650,400,470,800,920,660,700,860,,,,,
CSUGMX1130716O000,650,400,470,800,920,660,700,860,,,,,
CSUGMX1131206O000,20,20,350,40,,30,,60,,,,,
CSUGMX1131216O000,20,20,350,40,,30,,60,,,,,
CSUGMX1131306O000,40,40,40,100,70,,20,20,,,,,
CSUGMX1131316O000,40,40,40,100,70,,20,20,,,,,
CSUGMX1190006O000,6710,5520,6320,6810,9090,5370,5040,6140,,,,,
CSUGMX1190106O000,190,100,140,160,230,70,170,270,,,,,
CSUGMX1190136O000,190,100,140,160,230,70,170,270,,,,,
CSUGMX1190206O000,890,890,1610,950,3020,1310,800,1970,,,,,
CSUGMX1190216O000,890,890,1610,950,3020,1310,800,1970,,,,,
CSUGMX1190306O000,250,340,320,590,470,350,480,490,,,,,
CSUGMX1190316O000,20,,,,,,,,,,,,
CSUGMX1190326O000,160,250,220,480,360,260,310,380,,,,,
CSUGMX1190336O000,70,60,90,90,100,90,160,90,,,,,
CSUGMX1190396O000,,30,,20,,,,20,,,,,
CSUGMX1190406O000,60,70,30,,400,20,30,40,,,,,
CSUGMX1190416O000,60,70,30,,400,20,30,40,,,,,
CSUGMX1190506O000,1230,1350,850,1960,1010,940,1000,1430,,,,,
CSUGMX1190516O000,1230,1350,850,1960,1010,940,1000,1430,,,,,
CSUGMX1190606O000,20,100,,,,,,,,,,,
CSUGMX1190616O000,20,100,,,,,,,,,,,
CSUGMX1190806O000,20,20,50,30,60,,,30,,,,,
CSUGMX1190816O000,20,20,50,30,60,,,30,,,,,
CSUGMX1191106O000,510,350,490,520,640,590,1060,570,,,,,
CSUGMX1191116O000,510,350,490,520,640,590,1060,570,,,,,
CSUGMX1191406O000,700,90,540,550,510,80,160,150,,,,,
CSUGMX1191416O000,700,90,540,550,510,80,160,150,,,,,
CSUGMX1191506O000,150,160,300,170,140,210,130,170,,,,,
CSUGMX1191516O000,150,160,300,170,140,210,130,170,,,,,
CSUGMX1191606O000,40,30,,20,20,,40,50,,,,,
CSUGMX1191616O000,40,30,,20,20,,40,50,,,,,
CSUGMX1191906O000,2640,2000,1970,1830,2590,1760,1110,980,,,,,
CSUGMX1191996O000,2640,2000,1970,1830,2590,1760,1110,980,,,,,
CSUGMX1300006O000,2690,2410,2190,2680,2290,2230,2160,2520,,,,,
CSUGMX1310006O000,2400,1940,1700,2250,1980,1980,1830,2130,,,,,
CSUGMX1310206O000,400,310,300,230,150,190,200,220,,,,,
CSUGMX1310216O000,,20,20,,30,30,60,,,,,,
CSUGMX1310226O000,330,210,210,80,80,140,90,70,,,,,
CSUGMX1310236O000,80,90,80,150,40,30,50,90,,,,,
CSUGMX1310306O000,360,240,230,640,310,410,190,170,,,,,
CSUGMX1310316O000,300,180,210,550,230,300,140,100,,,,,
CSUGMX1310326O000,60,70,20,100,80,110,50,60,,,,,
CSUGMX1310406O000,820,220,150,200,200,140,180,180,,,,,
CSUGMX1310416O000,820,220,150,200,200,140,180,180,,,,,
CSUGMX1310506O000,90,180,70,370,230,70,100,380,,,,,
CSUGMX1310516O000,90,180,70,370,230,70,100,380,,,,,
CSUGMX1310706O000,70,120,100,130,170,130,200,120,,,,,
CSUGMX1310716O000,50,110,90,120,100,130,190,110,,,,,
CSUGMX1310756O000,20,20,,,70,,,,,,,,
CSUGMX1310806O000,180,160,80,100,60,130,90,240,,,,,
CSUGMX1310816O000,180,160,80,100,60,130,90,240,,,,,
CSUGMX1311106O000,140,250,60,100,150,400,150,110,,,,,
CSUGMX1311116O000,140,250,60,100,150,400,150,110,,,,,
CSUGMX1311206O000,30,20,120,60,40,30,120,110,,,,,
CSUGMX1311216O000,30,20,120,60,40,30,120,110,,,,,
CSUGMX1311306O000,,30,,,,,,,,,,,
CSUGMX1311316O000,,30,,,,,,,,,,,
CSUGMX1311406O000,20,,,,,,,,,,,,
CSUGMX1311416O000,20,,,,,,,,,,,,
CSUGMX1311506O000,130,120,280,140,390,200,200,190,,,,,
CSUGMX1311516O000,130,120,280,140,390,200,200,190,,,,,
CSUGMX1311606O000,60,80,80,90,140,60,210,220,,,,,
CSUGMX1311616O000,60,80,80,90,140,60,210,220,,,,,
CSUGMX1311906O000,100,200,220,180,140,200,170,170,,,,,
CSUGMX1311996O000,100,200,220,180,140,200,170,170,,,,,
CSUGMX1320006O000,280,470,490,430,310,250,330,390,,,,,
CSUGMX1320106O000,130,180,230,150,100,100,190,150,,,,,
CSUGMX1320116O000,130,180,230,150,100,100,190,150,,,,,
CSUGMX1320206O000,,100,40,60,60,,40,,,,,,
CSUGMX1320216O000,,100,40,60,60,,40,,,,,,
CSUGMX1320506O000,70,60,80,120,20,60,30,130,,,,,
CSUGMX1320516O000,40,,,20,,30,30,,,,,,
CSUGMX1320526O000,,20,,90,,,,100,,,,,
CSUGMX1320536O000,30,20,,,,20,,20,,,,,
CSUGMX1320606O000,,30,,,,,30,40,,,,,
CSUGMX1320616O000,,30,,,,,30,40,,,,,
CSUGMX1320706O000,,50,20,,30,,20,20,,,,,
CSUGMX1320726O000,,50,,,30,,,20,,,,,
CSUGMX1320806O000,30,,80,20,60,40,,20,,,,,
CSUGMX1320816O000,30,,80,20,60,20,,20,,,,,
CSUGMX1320906O000,20,30,20,50,30,30,20,,,,,,
CSUGMX1320996O000,20,30,20,50,30,30,20,,,,,,
CSUGMX1500006O000,2000,2310,1410,1770,1480,1500,1170,1150,,,,,
CSUGMX1511006O000,1930,1930,1350,1730,1400,1450,1140,1110,,,,,
CSUGMX1511206O000,90,150,90,160,140,110,60,260,,,,,
CSUGMX1511216O000,60,110,80,140,70,80,40,190,,,,,
CSUGMX1511226O000,20,40,20,20,80,40,20,70,,,,,
CSUGMX1511306O000,230,170,350,280,340,100,80,110,,,,,
CSUGMX1511316O000,40,40,160,20,30,,,20,,,,,
CSUGMX1511326O000,80,30,70,30,60,20,,20,,,,,
CSUGMX1511336O000,100,100,110,220,250,60,60,40,,,,,
CSUGMX1511346O000,,,,,,,,20,,,,,
CSUGMX1511406O000,390,280,290,320,220,330,230,170,,,,,
CSUGMX1511416O000,20,,,,20,60,,,,,,,
CSUGMX1511426O000,350,200,150,240,160,230,180,110,,,,,
CSUGMX1511436O000,20,70,130,60,40,30,40,50,,,,,
CSUGMX1511506O000,1070,1160,490,810,600,700,500,470,,,,,
CSUGMX1511516O000,400,290,160,340,310,200,210,140,,,,,
CSUGMX1511526O000,670,870,330,470,290,500,290,330,,,,,
CSUGMX1511906O000,160,160,130,170,90,210,250,110,,,,,
CSUGMX1511996O000,160,160,130,170,90,210,250,110,,,,,
CSUGMX1520006O000,70,380,50,40,80,40,30,40,,,,,
CSUGMX1520306O000,30,380,40,30,20,,30,40,,,,,
CSUGMX1520316O000,30,380,40,30,20,,30,40,,,,,
CSUGMX1520406O000,,,,,50,40,,,,,,,
CSUGMX1520416O000,,,,,50,40,,,,,,,
CSUGMX1520906O000,30,,,,,,,,,,,,
CSUGMX1520996O000,30,,,,,,,,,,,,
CSUGMX1700006O000,3060,3200,3120,3580,2960,2500,3110,3070,,,,,
CSUGMX1710006O000,570,310,100,890,300,440,430,450,,,,,
CSUGMX1710106O000,50,30,,20,30,,,,,,,,
CSUGMX1710116O000,20,,,,30,,,,,,,,
CSUGMX1710126O000,,30,,,,,,,,,,,
CSUGMX1710206O000,520,280,90,880,270,430,270,450,,,,,
CSUGMX1710226O000,520,280,90,880,270,430,270,440,,,,,
CSUGMX1720006O000,1160,1180,1410,1160,1560,850,1300,1060,,,,,
CSUGMX1720106O000,20,,,20,20,,,,,,,,
CSUGMX1720116O000,20,,,20,20,,,,,,,,
CSUGMX1720206O000,,,,,,,20,,,,,,
CSUGMX1720216O000,,,,,,,20,,,,,,
CSUGMX1720306O000,,40,90,,,,,30,,,,,
CSUGMX1720316O000,,40,90,,,,,30,,,,,
CSUGMX1720406O000,,,,30,20,,,,,,,,
CSUGMX1720416O000,,,,30,20,,,,,,,,
CSUGMX1720506O000,240,470,200,170,740,90,460,90,,,,,
CSUGMX1720516O000,240,470,200,170,740,90,460,90,,,,,
CSUGMX1720606O000,20,40,20,20,40,90,,30,,,,,
CSUGMX1720616O000,20,40,20,20,40,90,,30,,,,,
CSUGMX1720706O000,50,130,80,90,60,90,120,80,,,,,
CSUGMX1720716O000,30,110,40,40,40,40,90,40,,,,,
CSUGMX1720726O000,20,20,40,50,20,50,30,40,,,,,
CSUGMX1720806O000,140,,50,20,40,20,20,,,,,,
CSUGMX1720816O000,140,,50,20,40,20,20,,,,,,
CSUGMX1721106O000,210,210,560,210,190,180,250,310,,,,,
CSUGMX1721116O000,70,80,440,80,80,50,110,80,,,,,
CSUGMX1721126O000,140,120,120,140,110,120,140,230,,,,,
CSUGMX1721206O000,20,,,20,,,,,,,,,
CSUGMX1721216O000,20,,,20,,,,,,,,,
CSUGMX1721306O000,,20,,,,,20,30,,,,,
CSUGMX1721316O000,,20,,,,,20,30,,,,,
CSUGMX1721406O000,100,40,80,120,150,60,90,110,,,,,
CSUGMX1721416O000,100,40,80,120,150,60,90,110,,,,,
CSUGMX1721506O000,60,60,60,40,40,20,50,40,,,,,
CSUGMX1721516O000,60,60,60,40,40,20,50,40,,,,,
CSUGMX1721906O000,280,170,240,390,230,230,240,310,,,,,
CSUGMX1721996O000,280,170,240,390,230,230,240,310,,,,,
CSUGMX1730006O000,1330,1700,1610,1520,1100,1210,1380,1560,,,,,
CSUGMX1730106O000,60,20,50,170,170,40,40,50,,,,,
CSUGMX1730116O000,50,,,20,100,30,,30,,,,,
CSUGMX1730126O000,,,,,50,,,,,,,,
CSUGMX1730196O000,,20,40,110,,,40,,,,,,
CSUGMX1730206O000,1080,1480,1450,1250,820,900,1070,960,,,,,
CSUGMX1730216O000,,,,,,50,,,,,,,
CSUGMX1730226O000,40,230,100,20,20,,90,,,,,,
CSUGMX1730236O000,510,730,590,560,340,340,580,350,,,,,
CSUGMX1730246O000,,,20,30,20,,,110,,,,,
CSUGMX1730256O000,80,20,80,70,30,80,,110,,,,,
CSUGMX1730266O000,70,40,20,120,40,40,30,40,,,,,
CSUGMX1730276O000,,30,,20,20,,30,,,,,,
CSUGMX1730296O000,370,430,630,440,350,370,310,350,,,,,
CSUGMX1730306O000,190,200,110,100,120,270,280,550,,,,,
CSUGMX1730316O000,190,200,110,100,120,270,280,550,,,,,
CSUGMX1900006O000,1730,1190,1270,1880,1040,1410,1190,1000,,,,,
CSUGMX1910006O000,500,200,260,340,200,270,160,200,,,,,
CSUGMX1910106O000,80,60,100,140,100,170,50,70,,,,,
CSUGMX1910116O000,,30,70,50,,20,30,,,,,,
CSUGMX1910126O000,,,,,20,,,,,,,,
CSUGMX1910136O000,70,30,30,80,70,150,,50,,,,,
CSUGMX1910206O000,270,50,90,90,60,30,,40,,,,,
CSUGMX1910216O000,,,,,20,,,,,,,,
CSUGMX1910236O000,,30,60,50,20,,,20,,,,,
CSUGMX1910296O000,240,,30,40,,,,20,,,,,
CSUGMX1910306O000,120,60,40,40,,30,50,70,,,,,
CSUGMX1910316O000,20,,,20,,20,20,,,,,,
CSUGMX1910326O000,110,50,30,20,,20,40,50,,,,,
CSUGMX1910406O000,30,30,20,70,20,30,40,30,,,,,
CSUGMX1910426O000,30,30,,70,20,30,40,30,,,,,
CSUGMX1920006O000,260,180,100,120,170,640,210,110,,,,,
CSUGMX1920106O000,,,,20,,,,,,,,,
CSUGMX1920126O000,,,,20,,,,,,,,,
CSUGMX1920306O000,70,110,40,30,40,110,80,30,,,,,
CSUGMX1920316O000,60,110,40,20,40,110,80,30,,,,,
CSUGMX1920406O000,150,60,40,60,130,460,100,50,,,,,
CSUGMX1920416O000,30,50,40,40,120,20,100,50,,,,,
CSUGMX1920426O000,120,,,20,,430,,,,,,,
CSUGMX1920906O000,30,,20,20,,70,30,20,,,,,
CSUGMX1920996O000,30,,20,20,,70,30,20,,,,,
CSUGMX1930006O000,90,70,50,120,60,50,60,50,,,,,
CSUGMX1930306O000,70,,40,60,40,30,20,40,,,,,
CSUGMX1930316O000,,,,40,20,20,,20,,,,,
CSUGMX1930396O000,60,,30,30,20,,20,20,,,,,
CSUGMX1930506O000,,40,,,,,,,,,,,
CSUGMX1930516O000,,40,,,,,,,,,,,
CSUGMX1930906O000,,,,30,20,,20,,,,,,
CSUGMX1930996O000,,,,,,,20,,,,,,
CSUGMX1940006O000,890,740,860,1290,590,460,760,650,,,,,
CSUGMX1940106O000,120,190,160,250,70,30,90,120,,,,,
CSUGMX1940116O000,120,190,160,250,70,30,90,120,,,,,
CSUGMX1940206O000,270,60,80,130,30,40,40,170,,,,,
CSUGMX1940216O000,270,60,80,130,30,40,40,170,,,,,
CSUGMX1940306O000,120,120,70,80,100,90,180,90,,,,,
CSUGMX1940316O000,120,120,70,80,100,90,180,90,,,,,
CSUGMX1940406O000,20,,50,,20,,,,,,,,
CSUGMX1940416O000,20,,50,,20,,,,,,,,
CSUGMX1940506O000,,20,,,,,,,,,,,
CSUGMX1940516O000,,20,,,,,,,,,,,
CSUGMX1940606O000,20,30,30,540,40,20,,40,,,,,
CSUGMX1940616O000,20,30,30,540,40,20,,40,,,,,
CSUGMX1940906O000,340,310,470,290,320,270,410,210,,,,,
CSUGMX1940916O000,60,60,170,30,40,40,210,70,,,,,
CSUGMX1940926O000,20,40,,,20,30,,,,,,,
CSUGMX1940936O000,110,30,140,50,30,120,110,20,,,,,
CSUGMX1940996O000,150,180,150,210,230,80,90,120,,,,,
CSUGMX2100006O000,3480,3930,3650,4140,3400,4120,3700,2670,,,,,
CSUGMX2110006O000,3400,3910,3610,4050,3280,4080,3660,2650,,,,,
CSUGMX2110106O000,1340,1650,1410,1510,1750,1340,1260,910,,,,,
CSUGMX2110116O000,130,150,70,120,100,230,150,20,,,,,
CSUGMX2110126O000,50,80,160,210,190,90,110,140,,,,,
CSUGMX2110136O000,40,40,20,30,,,,30,,,,,
CSUGMX2110146O000,340,490,320,360,540,330,180,200,,,,,
CSUGMX2110156O000,430,390,180,350,480,200,260,140,,,,,
CSUGMX2110196O000,350,510,650,440,450,490,560,380,,,,,
CSUGMX2110206O000,800,1210,910,690,740,770,1190,670,,,,,
CSUGMX2110216O000,260,410,420,180,310,160,260,270,,,,,
CSUGMX2110226O000,70,330,30,50,40,20,30,,,,,,
CSUGMX2110236O000,80,80,150,190,160,260,310,40,,,,,
CSUGMX2110296O000,390,390,310,270,240,330,590,360,,,,,
CSUGMX2110906O000,1250,1050,1290,1850,790,1970,1200,1070,,,,,
CSUGMX2110916O000,20,,20,30,,,20,20,,,,,
CSUGMX2110926O000,350,350,660,260,320,200,280,340,,,,,
CSUGMX2110936O000,660,440,410,1130,260,1210,620,510,,,,,
CSUGMX2110946O000,,,110,,,90,,40,,,,,
CSUGMX2110996O000,210,250,90,420,200,460,270,140,,,,,
CSUGMX2120006O000,80,20,40,90,110,40,50,30,,,,,
CSUGMX2120106O000,70,20,30,70,60,40,40,30,,,,,
CSUGMX2120116O000,70,20,30,70,60,40,40,30,,,,,
CSUGMX2120206O000,,,,,50,,,,,,,,
CSUGMX2120216O000,,,,,50,,,,,,,,
CSUGMX2300006O000,200,260,240,180,80,100,170,400,,,,,
CSUGMX2310006O000,130,240,160,110,60,70,80,360,,,,,
CSUGMX2310106O000,130,170,150,100,60,70,80,340,,,,,
CSUGMX2310116O000,130,160,140,100,50,70,80,320,,,,,
CSUGMX2310126O000,,20,20,,,,,20,,,,,
CSUGMX2310206O000,,60,,,,,,20,,,,,
CSUGMX2310216O000,,,,,,,,20,,,,,
CSUGMX2310236O000,,20,,,,,,,,,,,
CSUGMX2320006O000,70,20,80,70,20,30,90,30,,,,,
CSUGMX2320106O000,20,,20,20,,30,30,,,,,,
CSUGMX2320116O000,20,,20,20,,30,30,,,,,,
CSUGMX2320906O000,40,,60,40,,,60,20,,,,,
CSUGMX2320936O000,,,,,,,40,,,,,,
CSUGMX2320996O000,40,,60,40,,,20,20,,,,,
CSUGMX2500006O000,6210,4600,5100,5290,5220,6380,4930,4920,,,,,
CSUGMX2510006O000,280,380,370,410,330,500,340,280,,,,,
CSUGMX2510406O000,,,,,,,20,,,,,,
CSUGMX2510416O000,,,,,,,20,,,,,,
CSUGMX2510706O000,,,20,20,,,,,,,,,
CSUGMX2511206O000,,20,,,,230,,,,,,,
CSUGMX2511216O000,,20,,,,220,,,,,,,
CSUGMX2511906O000,250,300,320,350,300,200,310,270,,,,,
CSUGMX2511916O000,40,20,20,,,,,,,,,,
CSUGMX2511936O000,,,,40,,,,,,,,,
CSUGMX2511946O000,40,100,90,140,70,40,50,20,,,,,
CSUGMX2511996O000,160,180,210,170,230,150,250,250,,,,,
CSUGMX2520006O000,2630,2380,2160,2930,2840,3110,2680,2610,,,,,
CSUGMX2520106O000,60,190,30,60,20,,30,60,,,,,
CSUGMX2520116O000,60,190,20,60,20,,30,60,,,,,
CSUGMX2520206O000,1850,1320,1390,1630,2180,2000,2080,2300,,,,,
CSUGMX2520216O000,1210,1100,1240,1540,2140,1930,1990,2260,,,,,
CSUGMX2520226O000,640,210,150,80,40,70,100,40,,,,,
CSUGMX2520306O000,590,650,540,970,520,840,400,60,,,,,
CSUGMX2520316O000,540,610,480,920,430,580,350,50,,,,,
CSUGMX2520326O000,50,40,50,40,,260,50,,,,,,
CSUGMX2520506O000,130,210,210,270,120,260,170,190,,,,,
CSUGMX2520526O000,,20,80,20,20,40,,40,,,,,
CSUGMX2520536O000,,,,40,,,,,,,,,
CSUGMX2520546O000,,,60,150,20,150,50,,,,,,
CSUGMX2520596O000,110,180,60,70,60,70,110,150,,,,,
CSUGMX2530006O000,1470,450,940,650,640,1220,480,720,,,,,
CSUGMX2530106O000,70,20,,,20,20,30,,,,,,
CSUGMX2530116O000,70,20,,,20,20,30,,,,,,
CSUGMX2530206O000,860,100,130,170,70,340,70,420,,,,,
CSUGMX2530216O000,860,100,130,170,70,340,70,420,,,,,
CSUGMX2530906O000,540,330,800,470,560,860,380,300,,,,,
CSUGMX2530996O000,540,330,800,470,560,860,380,300,,,,,
CSUGMX2540006O000,40,70,160,70,70,70,80,140,,,,,
CSUGMX2540106O000,20,50,40,40,40,30,40,40,,,,,
CSUGMX2540126O000,,,20,,20,20,,,,,,,
CSUGMX2540136O000,,30,20,40,30,,20,30,,,,,
CSUGMX2540206O000,,20,100,20,20,40,20,80,,,,,
CSUGMX2540216O000,,20,100,20,20,40,20,80,,,,,
CSUGMX2540306O000,,,20,,,,20,20,,,,,
CSUGMX2540316O000,,,20,,,,20,20,,,,,
CSUGMX2590006O000,1790,1320,1470,1230,1330,1480,1350,1160,,,,,
CSUGMX2590106O000,,,,,,20,20,,,,,,
CSUGMX2590116O000,,,,,,20,20,,,,,,
CSUGMX2590206O000,,20,310,,,,,,,,,,
CSUGMX2590216O000,,20,310,,,,,,,,,,
CSUGMX2590306O000,40,,40,20,40,,80,30,,,,,
CSUGMX2590316O000,40,,40,20,40,,80,30,,,,,
CSUGMX2590406O000,1620,920,1070,1070,1210,1260,1080,1060,,,,,
CSUGMX2590416O000,1620,920,1070,1070,1210,1260,1080,1060,,,,,
CSUGMX2590906O000,120,360,50,140,80,190,180,70,,,,,
CSUGMX2590996O000,120,360,50,140,80,190,180,70,,,,,
CSUGMX2700006O000,4370,3310,6460,3970,3440,5690,4260,3640,,,,,
CSUGMX2710006O000,640,300,920,290,400,340,380,860,,,,,
CSUGMX2710106O000,30,20,50,80,60,60,120,250,,,,,
CSUGMX2710116O000,,,,,40,,20,,,,,,
CSUGMX2710136O000,,,,,,20,,,,,,,
CSUGMX2710146O000,,,20,,20,40,,,,,,,
CSUGMX2710196O000,,20,,,,,90,220,,,,,
CSUGMX2710206O000,610,280,860,200,340,280,260,610,,,,,
CSUGMX2710216O000,20,,,,,,,,,,,,
CSUGMX2710236O000,,,,,,,30,,,,,,
CSUGMX2710246O000,20,,340,40,,,,100,,,,,
CSUGMX2710256O000,70,20,,,,,,20,,,,,
CSUGMX2710266O000,100,190,230,110,200,210,140,250,,,,,
CSUGMX2710276O000,340,,20,20,70,,50,100,,,,,
CSUGMX2710296O000,30,40,270,,40,40,30,140,,,,,
CSUGMX2720006O000,2890,2320,4850,2940,2030,4330,3270,2120,,,,,
CSUGMX2720106O000,120,140,190,110,280,170,100,160,,,,,
CSUGMX2720116O000,80,100,70,50,210,120,70,70,,,,,
CSUGMX2720126O000,40,40,120,60,70,50,30,90,,,,,
CSUGMX2720206O000,2420,2000,4220,2410,1450,3790,2830,1410,,,,,
CSUGMX2720216O000,1610,1440,,1800,720,2540,2250,400,,,,,
CSUGMX2720226O000,780,500,420,540,700,1130,550,850,,,,,
CSUGMX2720236O000,20,60,,60,20,130,30,160,,,,,
CSUGMX2720306O000,110,50,130,50,120,80,140,150,,,,,
CSUGMX2720316O000,110,50,130,50,120,80,140,150,,,,,
CSUGMX2720406O000,20,20,,20,,20,,,,,,,
CSUGMX2720426O000,20,20,,,,,,,,,,,
CSUGMX2720906O000,210,110,290,350,170,260,200,390,,,,,
CSUGMX2720996O000,210,110,290,350,170,260,200,390,,,,,
CSUGMX2730006O000,230,170,110,150,130,160,190,210,,,,,
CSUGMX2730106O000,30,30,,20,,,,,,,,,
CSUGMX2730116O000,30,30,,20,,,,,,,,,
CSUGMX2730206O000,50,40,60,30,80,110,50,20,,,,,
CSUGMX2730226O000,50,30,60,30,80,110,40,,,,,,
CSUGMX2730306O000,50,20,,20,,,,100,,,,,
CSUGMX2730316O000,50,20,,20,,,,100,,,,,
CSUGMX2730406O000,50,30,30,70,20,,,30,,,,,
CSUGMX2730416O000,50,30,20,30,20,,,20,,,,,
CSUGMX2730906O000,40,50,,20,,40,110,50,,,,,
CSUGMX2730916O000,,20,,,,20,,,,,,,
CSUGMX2730996O000,30,20,,,,20,100,40,,,,,
CSUGMX2740006O000,630,520,590,590,880,850,420,450,,,,,
CSUGMX2740106O000,240,220,270,210,300,190,100,100,,,,,
CSUGMX2740116O000,140,160,160,110,210,150,60,60,,,,,
CSUGMX2740126O000,90,50,60,50,40,,30,30,,,,,
CSUGMX2740136O000,,,20,,,,,,,,,,
CSUGMX2740146O000,,,40,50,,20,,,,,,,
CSUGMX2740206O000,190,160,160,280,400,150,220,180,,,,,
CSUGMX2740216O000,190,160,160,280,400,150,220,180,,,,,
CSUGMX2740306O000,60,60,130,60,110,470,100,50,,,,,
CSUGMX2740316O000,60,60,50,60,110,470,90,40,,,,,
CSUGMX2740326O000,,,80,,,,,,,,,,
CSUGMX2740906O000,130,80,20,40,80,40,,120,,,,,
CSUGMX2740996O000,130,80,20,40,80,40,,120,,,,,
CSUGMX2900006O000,12250,13810,12630,13480,12620,13070,13540,13090,,,,,
CSUGMX2910006O000,3390,3330,3730,4260,3730,3490,4240,3770,,,,,
CSUGMX2910206O000,30,70,,120,20,120,410,20,,,,,
CSUGMX2910216O000,30,40,,90,20,120,410,20,,,,,
CSUGMX2910306O000,30,,,,20,,,20,,,,,
CSUGMX2910316O000,30,,,,20,,,20,,,,,
CSUGMX2910506O000,100,40,150,350,160,70,50,180,,,,,
CSUGMX2910516O000,100,40,150,350,160,70,50,180,,,,,
CSUGMX2910606O000,110,150,460,360,250,190,240,270,,,,,
CSUGMX2910616O000,,,,180,,,,,,,,,
CSUGMX2910626O000,,,,30,,,,,,,,,
CSUGMX2910666O000,,50,30,50,40,70,20,,,,,,
CSUGMX2910676O000,,,40,,,,80,,,,,,
CSUGMX2910696O000,70,100,370,110,190,110,130,250,,,,,
CSUGMX2910706O000,90,20,100,100,70,80,50,60,,,,,
CSUGMX2910716O000,90,20,100,100,70,80,50,60,,,,,
CSUGMX2911116O000,2400,,,,,,,,,,,,
CSUGMX2911206O000,630,610,530,640,650,710,430,630,,,,,
CSUGMX2911226O000,60,40,40,,70,40,60,30,,,,,
CSUGMX2911236O000,260,170,220,320,210,260,140,190,,,,,
CSUGMX2911246O000,,50,,,,20,20,,,,,,
CSUGMX2911256O000,40,40,60,30,30,70,20,20,,,,,
CSUGMX2911266O000,210,220,140,220,280,220,110,280,,,,,
CSUGMX2911276O000,,20,,,,,30,,,,,,
CSUGMX2911296O000,30,70,40,50,50,80,60,80,,,,,
CSUGMX2911306O000,,20,70,290,200,60,60,110,,,,,
CSUGMX2911316O000,,20,70,290,200,60,60,110,,,,,
CSUGMX2911406O000,2370,2360,2380,2370,2350,2240,2950,2450,,,,,
CSUGMX2911416O000,2370,2360,2380,2370,2350,2240,2950,2450,,,,,
CSUGMX2911506O000,,40,20,,20,,,20,,,,,
CSUGMX2911516O000,,40,20,,20,,,20,,,,,
CSUGMX2911706O000,30,,,,,,,,,,,,
CSUGMX2911716O000,30,,,,,,,,,,,,
CSUGMX2920006O000,8630,10250,8670,9000,8610,9310,9070,8900,,,,,
CSUGMX2920106O000,320,710,420,370,390,570,480,390,,,,,
CSUGMX2920116O000,60,40,70,50,50,110,70,30,,,,,
CSUGMX2920126O000,260,670,340,320,340,460,410,360,,,,,
CSUGMX2920306O000,520,740,550,690,810,880,470,620,,,,,
CSUGMX2920316O000,30,70,60,70,80,200,30,70,,,,,
CSUGMX2920326O000,40,60,30,40,50,50,50,30,,,,,
CSUGMX2920336O000,30,20,20,,30,30,20,30,,,,,
CSUGMX2920346O000,350,490,370,460,620,510,310,370,,,,,
CSUGMX2920356O000,70,100,80,110,40,100,60,130,,,,,
CSUGMX2920406O000,4660,5130,4700,4370,4190,4150,4070,4240,,,,,
CSUGMX2920416O000,4660,5130,4700,4370,4190,4150,4070,4240,,,,,
CSUGMX2920506O000,2240,2530,2280,2850,2490,2800,3380,3030,,,,,
CSUGMX2920516O000,500,360,280,420,410,420,310,430,,,,,
CSUGMX2920526O000,120,170,180,90,110,190,100,110,,,,,
CSUGMX2920536O000,920,1530,1110,1380,1480,1540,1910,1900,,,,,
CSUGMX2920546O000,20,30,,20,,,80,,,,,,
CSUGMX2920556O000,430,370,370,540,350,430,820,450,,,,,
CSUGMX2920566O000,240,60,330,390,110,200,150,130,,,,,
CSUGMX2920576O000,20,,,,,20,,,,,,,
CSUGMX2920606O000,560,450,480,380,430,770,420,430,,,,,
CSUGMX2920616O000,560,450,480,380,430,770,420,430,,,,,
CSUGMX2920706O000,50,30,20,20,70,40,20,40,,,,,
CSUGMX2920716O000,50,30,20,20,70,40,20,40,,,,,
CSUGMX2920806O000,,120,,20,,,,,,,,,
CSUGMX2920816O000,,120,,20,,,,,,,,,
CSUGMX2920906O000,290,540,200,290,240,100,180,140,,,,,
CSUGMX2920916O000,,20,,,20,,,,,,,,
CSUGMX2920996O000,280,520,200,280,220,100,180,140,,,,,
CSUGMX2990006O000,230,230,240,220,280,270,230,420,,,,,
CSUGMX2990106O000,120,90,130,160,160,210,90,170,,,,,
CSUGMX2990116O000,70,70,120,150,150,190,90,170,,,,,
CSUGMX2990126O000,50,20,,,,20,,,,,,,
CSUGMX2990906O000,110,140,110,60,110,60,140,250,,,,,
CSUGMX2990916O000,,,20,,40,20,20,,,,,,
CSUGMX2990996O000,100,130,90,50,70,40,120,230,,,,,
CSUGMX3100006O000,9050,7900,8550,8400,7400,7160,7540,7070,,,,,
CSUGMX3110006O000,6930,6620,7190,6740,6040,5820,5740,5240,,,,,
CSUGMX3110106O000,6930,6620,7190,6740,6040,5820,5740,5240,,,,,
CSUGMX3110116O000,400,480,440,550,340,320,440,330,,,,,
CSUGMX3110126O000,4710,,,,,,,,,,,,
CSUGMX3110136O000,1820,1810,2520,2480,1910,1800,1790,1700,,,,,
CSUGMX3110146O000,4050,3670,3410,2940,3050,3190,2820,2760,,,,,
CSUGMX3110156O000,660,660,820,760,730,510,690,460,,,,,
CSUGMX3120006O000,330,200,220,140,180,230,190,180,,,,,
CSUGMX3120106O000,210,110,140,50,100,60,90,110,,,,,
CSUGMX3120116O000,140,,20,30,30,20,70,80,,,,,
CSUGMX3120126O000,70,90,120,20,70,40,20,30,,,,,
CSUGMX3120206O000,120,100,80,90,80,170,100,60,,,,,
CSUGMX3120216O000,60,50,60,70,70,140,100,50,,,,,
CSUGMX3120226O000,60,40,20,20,,40,,20,,,,,
CSUGMX3190006O000,1790,1080,1140,1530,1180,1110,1600,1650,,,,,
CSUGMX3190106O000,20,20,90,30,20,40,30,100,,,,,
CSUGMX3190116O000,20,20,90,30,20,40,30,100,,,,,
CSUGMX3190906O000,1770,1060,1050,1490,1160,1070,1570,1560,,,,,
CSUGMX3190916O000,,60,40,50,,,,,,,,,
CSUGMX3190926O000,160,180,240,60,350,110,130,90,,,,,
CSUGMX3190936O000,130,170,180,270,230,160,300,260,,,,,
CSUGMX3190956O000,20,30,30,130,50,30,30,,,,,,
CSUGMX3190966O000,250,150,120,590,200,380,690,740,,,,,
CSUGMX3190976O000,190,190,140,140,140,150,180,200,,,,,
CSUGMX3190996O000,1010,280,310,260,180,220,240,240,,,,,
CSUGMX3300006O000,76840,68620,68920,64420,67610,66890,66580,66750,,,,,
CSUGMX3310006O000,7580,7200,6430,6240,7520,8320,8130,7690,,,,,
CSUGMX3310106O000,3820,4010,3260,2860,4540,4580,4780,3510,,,,,
CSUGMX3310116O000,1230,1050,1040,1000,910,1350,1310,1100,,,,,
CSUGMX3310126O000,2590,2960,2220,1860,3640,3230,3470,2410,,,,,
CSUGMX3310206O000,3280,2770,2690,3080,2700,3470,2890,3790,,,,,
CSUGMX3310216O000,3280,2770,2690,3080,2700,3470,2890,3790,,,,,
CSUGMX3310906O000,470,420,470,300,280,260,460,390,,,,,
CSUGMX3310996O000,470,420,470,300,280,260,460,390,,,,,
CSUGMX3320006O000,14270,12820,14120,13870,13360,11760,14850,15420,,,,,
CSUGMX3320106O000,13680,12770,13890,13770,12680,11710,14730,15390,,,,,
CSUGMX3320116O000,13680,12770,13890,13770,12680,11710,14730,15390,,,,,
CSUGMX3320206O000,580,50,230,100,670,50,120,30,,,,,
CSUGMX3320216O000,580,50,160,100,40,50,30,30,,,,,
CSUGMX3320226O000,,,70,,,,80,,,,,,
CSUGMX3330006O000,47680,41530,39060,37410,39430,39280,36050,35550,,,,,
CSUGMX3330106O000,17270,12470,11950,12160,11570,11830,11660,12430,,,,,
CSUGMX3330116O000,150,120,230,90,100,160,110,290,,,,,
CSUGMX3330126O000,17120,12350,11720,12080,11470,11670,11550,12140,,,,,
CSUGMX3330206O000,1600,1050,1730,870,1470,1520,1010,920,,,,,
CSUGMX3330216O000,1600,1050,1730,870,1470,1520,1010,920,,,,,
CSUGMX3330306O000,100,150,100,90,110,30,,90,,,,,
CSUGMX3330316O000,100,150,100,90,110,30,,90,,,,,
CSUGMX3330406O000,90,220,230,170,170,60,290,110,,,,,
CSUGMX3330416O000,90,220,230,170,170,60,290,110,,,,,
CSUGMX3330506O000,28630,27630,25040,24110,26120,25840,23080,22000,,,,,
CSUGMX3330516O000,28550,27610,24980,24040,25990,25710,23010,21910,,,,,
CSUGMX3330526O000,80,20,70,70,120,120,70,90,,,,,
CSUGMX3390006O000,7310,7070,9320,6900,7300,7530,7550,8080,,,,,
CSUGMX3390106O000,140,790,210,90,70,200,90,100,,,,,
CSUGMX3390116O000,140,790,210,90,70,200,90,100,,,,,
CSUGMX3390206O000,300,150,210,120,210,70,110,80,,,,,
CSUGMX3390216O000,300,150,210,120,210,70,110,80,,,,,
CSUGMX3390306O000,5510,5270,7690,5690,5780,5980,6070,5870,,,,,
CSUGMX3390316O000,,,20,,30,,,,,,,,
CSUGMX3390326O000,5510,5260,7670,5670,5750,5970,6060,5860,,,,,
CSUGMX3390906O000,1370,860,1210,1000,1250,1280,1290,2030,,,,,
CSUGMX3390916O000,210,130,160,170,240,270,190,570,,,,,
CSUGMX3390926O000,730,460,440,440,580,650,600,710,,,,,
CSUGMX3390936O000,20,,,30,,,,,,,,,
CSUGMX3390996O000,400,250,610,360,420,360,490,740,,,,,
CSUGMX3500006O000,31760,32680,33500,30140,35910,33270,33290,33870,,,,,
CSUGMX3510006O000,2840,2770,3590,3530,4220,3880,3320,4560,,,,,
CSUGMX3510106O000,2840,2770,3590,3530,4220,3880,3320,4560,,,,,
CSUGMX3510116O000,960,1310,1830,1510,1930,1360,1550,1810,,,,,
CSUGMX3510126O000,1880,1460,1760,2020,2290,2520,1780,2740,,,,,
CSUGMX3520006O000,15170,15800,16840,14010,15810,16620,16060,15120,,,,,
CSUGMX3520106O000,9680,10540,10550,8610,10370,11450,11270,9370,,,,,
CSUGMX3520116O000,1400,1130,630,330,500,300,350,880,,,,,
CSUGMX3520126O000,1570,1540,1690,1430,1390,1760,1500,1100,,,,,
CSUGMX3520146O000,5850,6840,6960,6160,7800,8450,8870,6940,,,,,
CSUGMX3520156O000,100,250,740,320,120,600,310,220,,,,,
CSUGMX3520196O000,760,780,540,370,550,350,230,230,,,,,
CSUGMX3520206O000,5490,5250,6290,5400,5450,5170,4790,5750,,,,,
CSUGMX3520216O000,5490,5250,6290,5400,5450,5170,4790,5750,,,,,
CSUGMX3530006O000,6720,7150,6220,6800,7730,6730,7010,8120,,,,,
CSUGMX3530106O000,700,840,640,740,1000,910,950,730,,,,,
CSUGMX3530116O000,700,840,640,740,1000,910,950,730,,,,,
CSUGMX3530206O000,3520,3990,3240,3500,4070,3290,3550,5080,,,,,
CSUGMX3530216O000,2980,3330,3050,3070,3420,2800,3160,4340,,,,,
CSUGMX3530226O000,540,660,190,430,660,490,400,740,,,,,
CSUGMX3530306O000,1490,1490,1590,1790,1680,1690,1790,1590,,,,,
CSUGMX3530316O000,1490,1490,1590,1790,1680,1690,1790,1590,,,,,
CSUGMX3530406O000,1010,830,740,780,980,830,720,720,,,,,
CSUGMX3530416O000,1010,830,740,780,980,830,720,720,,,,,
CSUGMX3590006O000,7030,6960,6850,5800,8150,6030,6900,6080,,,,,
CSUGMX3590106O000,1860,1830,2330,1350,1740,1580,1880,1940,,,,,
CSUGMX3590116O000,1860,1830,2330,1350,1740,1580,1880,1940,,,,,
CSUGMX3590206O000,2930,3690,2930,2880,3870,3240,3660,3420,,,,,
CSUGMX3590216O000,2930,3690,2930,2880,3870,3240,3660,3420,,,,,
CSUGMX3590306O000,130,90,80,90,210,80,80,100,,,,,
CSUGMX3590316O000,130,90,80,90,210,80,80,100,,,,,
CSUGMX3590906O000,2120,1340,1520,1480,2330,1130,1280,620,,,,,
CSUGMX3590996O000,2120,1340,1520,1480,2330,1130,1280,620,,,,,
CSUGMX3700006O000,54960,50140,46540,48600,48660,48930,46760,43860,,,,,
CSUGMX3710006O000,3650,3040,3650,3020,3690,2630,2320,3320,,,,,
CSUGMX3710106O000,3650,3040,3650,3020,3690,2630,2320,3320,,,,,
CSUGMX3710116O000,1440,1620,1500,1110,1590,1440,1060,1100,,,,,
CSUGMX3710126O000,2210,1420,2150,1910,2100,1190,1250,2220,,,,,
CSUGMX3720006O000,34800,29760,28580,27480,30250,27230,27110,23980,,,,,
CSUGMX3720106O000,33260,28050,27040,26370,29250,25240,25540,22420,,,,,
CSUGMX3720116O000,29340,24210,23610,22930,26150,22200,22360,19880,,,,,
CSUGMX3720126O000,3080,3460,2820,2820,2660,2800,2810,2400,,,,,
CSUGMX3720196O000,830,380,610,620,430,240,370,140,,,,,
CSUGMX3720206O000,1550,1710,1540,1110,1000,1990,1570,1560,,,,,
CSUGMX3720216O000,1550,1710,1540,1110,1000,1990,1570,1560,,,,,
CSUGMX3730006O000,16510,17340,14310,18100,14710,19070,17330,16560,,,,,
CSUGMX3730106O000,16510,17340,14310,18100,14710,19070,17330,16560,,,,,
CSUGMX3730116O000,14080,14900,11660,15930,13400,17030,16000,14410,,,,,
CSUGMX3730126O000,220,490,240,80,180,650,80,110,,,,,
CSUGMX3730136O000,1100,1220,1190,1510,790,970,820,1730,,,,,
CSUGMX3730196O000,1100,730,1230,590,350,420,440,310,,,,,
CSUGMX3900006O000,6640,7350,7140,5590,6130,6780,6490,7050,,,,,
CSUGMX3910006O000,250,310,290,170,170,230,100,130,,,,,
CSUGMX3910106O000,20,20,40,30,50,30,,40,,,,,
CSUGMX3910116O000,,20,30,20,40,30,,30,,,,,
CSUGMX3910206O000,230,280,260,140,120,190,90,90,,,,,
CSUGMX3910216O000,230,280,260,140,120,190,90,90,,,,,
CSUGMX3920006O000,960,890,670,460,780,600,630,620,,,,,
CSUGMX3920106O000,120,110,60,20,20,,20,90,,,,,
CSUGMX3920116O000,120,110,60,20,20,,20,90,,,,,
CSUGMX3920206O000,840,780,610,440,760,600,610,530,,,,,
CSUGMX3920216O000,840,780,610,440,760,600,610,530,,,,,
CSUGMX3930006O000,1210,1080,1690,1050,1090,1360,1280,1240,,,,,
CSUGMX3930106O000,140,180,180,120,150,150,120,140,,,,,
CSUGMX3930116O000,100,120,120,90,140,100,110,100,,,,,
CSUGMX3930196O000,30,50,60,30,,40,,30,,,,,
CSUGMX3930306O000,170,140,550,250,160,250,290,250,,,,,
CSUGMX3930316O000,170,140,550,250,160,250,290,250,,,,,
CSUGMX3930906O000,910,770,960,680,790,970,870,840,,,,,
CSUGMX3930916O000,810,690,880,570,730,910,800,810,,,,,
CSUGMX3930936O000,70,60,80,100,40,40,70,20,,,,,
CSUGMX3930996O000,20,,,20,,,,,,,,,
CSUGMX3940006O000,100,230,380,90,90,100,420,30,,,,,
CSUGMX3940106O000,,80,80,,,,,,,,,,
CSUGMX3940116O000,,80,80,,,,,,,,,,
CSUGMX3940206O000,70,40,,50,80,80,80,20,,,,,
CSUGMX3940216O000,70,40,,50,80,80,80,20,,,,,
CSUGMX3940306O000,30,110,,40,,,340,,,,,,
CSUGMX3940316O000,30,110,,40,,,340,,,,,,
CSUGMX3950006O000,70,60,20,,60,,,60,,,,,
CSUGMX3950106O000,70,60,20,,40,,,60,,,,,
CSUGMX3950126O000,,60,20,,40,,,60,,,,,
CSUGMX3950906O000,,,,,30,,,,,,,,
CSUGMX3950916O000,,,,,20,,,,,,,,
CSUGMX3960006O000,620,540,390,310,360,300,350,400,,,,,
CSUGMX3960106O000,620,540,390,310,360,300,350,400,,,,,
CSUGMX3960116O000,590,490,330,270,340,280,280,250,,,,,
CSUGMX3960126O000,30,50,70,40,20,20,80,150,,,,,
CSUGMX3970006O000,80,40,120,150,190,80,100,340,,,,,
CSUGMX3970106O000,80,40,120,150,190,80,100,340,,,,,
CSUGMX3970116O000,80,40,110,140,190,80,90,340,,,,,
CSUGMX3990006O000,3350,4210,3570,3350,3380,4100,3610,4240,,,,,
CSUGMX3990106O000,510,1150,360,390,850,520,450,380,,,,,
CSUGMX3990116O000,510,1150,360,390,850,520,450,380,,,,,
CSUGMX3990206O000,1790,1790,2050,1730,1570,2130,1930,2640,,,,,
CSUGMX3990216O000,1790,1790,2050,1730,1570,2130,1930,2640,,,,,
CSUGMX3990306O000,710,780,850,950,760,910,810,610,,,,,
CSUGMX3990316O000,120,200,130,180,200,120,220,60,,,,,
CSUGMX3990326O000,580,580,730,770,560,800,590,550,,,,,
CSUGMX3990406O000,120,180,100,110,100,140,130,380,,,,,
CSUGMX3990416O000,120,180,100,110,100,140,130,380,,,,,
CSUGMX3990906O000,220,300,200,180,100,400,280,230,,,,,
CSUGMX3990996O000,220,300,200,180,100,400,280,230,,,,,
CSUGMX4100006O000,23580,23390,24480,23790,22990,21960,21530,22430,,,,,
CSUGMX4110006O000,6350,6310,6700,7580,6490,7630,6010,6240,,,,,
CSUGMX4110106O000,6350,6310,6700,7580,6490,7630,6010,6240,,,,,
CSUGMX4110116O000,5000,5500,5800,6040,5400,6830,5110,5830,,,,,
CSUGMX4110126O000,1350,810,900,1540,1090,800,900,410,,,,,
CSUGMX4120006O000,12790,14100,13230,12450,13590,11670,13020,13460,,,,,
CSUGMX4120106O000,1730,2630,1790,1710,2240,1800,1670,1890,,,,,
CSUGMX4120116O000,1710,2600,1760,1710,2190,1770,1650,1880,,,,,
CSUGMX4120126O000,20,30,30,,40,20,20,20,,,,,
CSUGMX4120206O000,1230,1170,1370,730,990,720,1310,1540,,,,,
CSUGMX4120216O000,170,360,360,300,110,320,360,450,,,,,
CSUGMX4120226O000,1060,810,1010,430,880,400,950,1090,,,,,
CSUGMX4120306O000,9820,10300,10070,10010,10360,9150,10040,10030,,,,,
CSUGMX4120316O000,9820,10300,10070,10010,10360,9150,10040,10030,,,,,
CSUGMX4130006O000,970,590,950,990,560,440,810,450,,,,,
CSUGMX4130106O000,230,50,60,110,50,60,120,110,,,,,
CSUGMX4130116O000,230,50,60,110,50,60,120,110,,,,,
CSUGMX4130206O000,40,100,350,100,40,40,80,20,,,,,
CSUGMX4130216O000,40,100,350,100,40,40,80,20,,,,,
CSUGMX4130306O000,20,,60,,,,,20,,,,,
CSUGMX4130316O000,20,,60,,,,,20,,,,,
CSUGMX4130406O000,20,20,,,,,,,,,,,
CSUGMX4130416O000,20,20,,,,,,,,,,,
CSUGMX4130906O000,660,410,480,770,460,330,610,300,,,,,
CSUGMX4130996O000,660,410,480,770,460,330,610,300,,,,,
CSUGMX4140006O000,1940,1060,1640,1840,1150,1310,950,1380,,,,,
CSUGMX4140106O000,1940,1060,1640,1840,1150,1310,950,1380,,,,,
CSUGMX4140116O000,760,280,910,490,360,430,250,370,,,,,
CSUGMX4140126O000,1180,780,730,1350,780,880,690,1010,,,,,
CSUGMX4190006O000,1540,1340,1960,930,1200,910,740,910,,,,,
CSUGMX4190106O000,,,50,20,,50,20,70,,,,,
CSUGMX4190116O000,,,50,20,,50,20,70,,,,,
CSUGMX4190206O000,20,,,,,,,,,,,,
CSUGMX4190226O000,20,,,,,,,,,,,,
CSUGMX4190306O000,90,,,20,30,,,,,,,,
CSUGMX4190316O000,90,,,20,30,,,,,,,,
CSUGMX4190406O000,130,70,120,40,50,40,50,30,,,,,
CSUGMX4190416O000,130,70,120,40,50,40,50,30,,,,,
CSUGMX4190906O000,1290,1230,1780,840,1110,820,660,800,,,,,
CSUGMX4190916O000,20,40,30,70,40,70,,20,,,,,
CSUGMX4190996O000,1260,1180,1750,780,1070,740,660,780,,,,,
CSUGMX4300006O000,34380,31800,30960,34060,29560,31720,30470,32610,,,,,
CSUGMX4310006O000,770,500,550,1280,760,660,850,280,,,,,
CSUGMX4310106O000,770,500,550,1280,760,660,850,280,,,,,
CSUGMX4310116O000,770,500,550,1280,760,660,850,280,,,,,
CSUGMX4320006O000,90,110,40,,,110,40,,,,,,
CSUGMX4320106O000,40,40,,,,50,,,,,,,
CSUGMX4320116O000,40,40,,,,50,,,,,,,
CSUGMX4320206O000,,20,,,,,,,,,,,
CSUGMX4320216O000,,20,,,,,,,,,,,
CSUGMX4320906O000,50,50,20,,,50,20,,,,,,
CSUGMX4320996O000,50,50,20,,,50,20,,,,,,
CSUGMX4330006O000,780,400,360,740,270,300,680,490,,,,,
CSUGMX4330106O000,300,60,70,130,60,70,60,120,,,,,
CSUGMX4330116O000,300,60,70,130,60,70,60,120,,,,,
CSUGMX4330206O000,150,100,30,,40,20,60,20,,,,,
CSUGMX4330216O000,150,100,30,,40,20,60,20,,,,,
CSUGMX4330306O000,100,60,70,280,60,80,60,170,,,,,
CSUGMX4330316O000,100,60,70,280,60,80,60,170,,,,,
CSUGMX4330406O000,,20,40,20,,,,20,,,,,
CSUGMX4330416O000,,20,40,20,,,,20,,,,,
CSUGMX4330506O000,,20,,,40,,,,,,,,
CSUGMX4330516O000,,20,,,40,,,,,,,,
CSUGMX4330606O000,80,90,100,50,,80,70,110,,,,,
CSUGMX4330616O000,80,90,100,50,,80,70,110,,,,,
CSUGMX4330706O000,30,40,,230,,,360,,,,,,
CSUGMX4330716O000,30,40,,230,,,360,,,,,,
CSUGMX4330906O000,110,20,40,,30,20,50,30,,,,,
CSUGMX4330996O000,110,20,40,,30,20,50,30,,,,,
CSUGMX4340006O000,6140,4290,3770,4510,3910,3520,4630,5040,,,,,
CSUGMX4340206O000,20,,,,,,,,,,,,
CSUGMX4340216O000,20,,,,,,,,,,,,
CSUGMX4340306O000,40,70,70,30,30,20,60,40,,,,,
CSUGMX4340316O000,40,70,70,30,30,20,60,40,,,,,
CSUGMX4340406O000,,20,,,,,,30,,,,,
CSUGMX4340416O000,,20,,,,,,30,,,,,
CSUGMX4340506O000,3480,2380,1980,2730,2430,2370,2500,2440,,,,,
CSUGMX4340516O000,3480,2380,1980,2730,2430,2370,2500,2440,,,,,
CSUGMX4340606O000,20,20,,20,60,30,30,40,,,,,
CSUGMX4340616O000,20,20,,20,60,30,30,40,,,,,
CSUGMX4340706O000,60,90,30,50,40,30,40,50,,,,,
CSUGMX4340716O000,60,90,30,50,40,30,40,50,,,,,
CSUGMX4340806O000,90,40,90,80,130,90,140,150,,,,,
CSUGMX4340816O000,90,40,90,80,130,90,140,150,,,,,
CSUGMX4341106O000,70,140,70,20,20,40,,50,,,,,
CSUGMX4341116O000,70,140,70,20,20,40,,50,,,,,
CSUGMX4341206O000,70,20,30,20,20,30,30,20,,,,,
CSUGMX4341216O000,70,20,30,20,20,30,30,20,,,,,
CSUGMX4341306O000,280,20,20,,,,,20,,,,,
CSUGMX4341316O000,280,20,20,,,,,20,,,,,
CSUGMX4341406O000,20,,,,,,,,,,,,
CSUGMX4341416O000,20,,,,,,,,,,,,
CSUGMX4341506O000,40,,30,,50,,20,,,,,,
CSUGMX4341516O000,40,,30,,50,,20,,,,,,
CSUGMX4341606O000,30,,,,,,,,,,,,
CSUGMX4341616O000,30,,,,,,,,,,,,
CSUGMX4341706O000,100,50,370,90,130,120,130,160,,,,,
CSUGMX4341716O000,100,50,370,90,130,120,130,160,,,,,
CSUGMX4341806O000,1770,1350,770,1360,960,770,1530,2020,,,,,
CSUGMX4341816O000,1770,1350,770,1360,960,770,1530,2020,,,,,
CSUGMX4341906O000,50,70,250,60,20,,130,,,,,,
CSUGMX4341996O000,50,70,250,60,20,,130,,,,,,
CSUGMX4350006O000,23720,24180,24140,25510,22900,25280,22150,25040,,,,,
CSUGMX4350106O000,3280,4220,4680,4700,4480,4380,2510,4010,,,,,
CSUGMX4350116O000,3280,4220,4680,4700,4480,4380,2510,4010,,,,,
CSUGMX4350206O000,1090,810,620,420,540,540,510,480,,,,,
CSUGMX4350216O000,1090,810,620,420,540,540,510,480,,,,,
CSUGMX4350306O000,340,400,250,330,380,160,400,290,,,,,
CSUGMX4350316O000,80,30,80,50,40,40,160,40,,,,,
CSUGMX4350326O000,250,360,170,270,340,120,240,240,,,,,
CSUGMX4350406O000,670,880,360,410,310,460,360,1120,,,,,
CSUGMX4350416O000,670,880,360,410,310,460,360,1120,,,,,
CSUGMX4350506O000,70,30,,20,,,,,,,,,
CSUGMX4350536O000,60,30,,20,,,,,,,,,
CSUGMX4350606O000,550,370,470,370,280,280,180,190,,,,,
CSUGMX4350616O000,550,370,470,370,280,280,180,190,,,,,
CSUGMX4350706O000,3870,3410,3630,3590,3550,3780,3490,3630,,,,,
CSUGMX4350716O000,3870,3410,3630,3590,3550,3780,3490,3630,,,,,
CSUGMX4350806O000,13580,13820,13970,15350,13170,15540,14580,15090,,,,,
CSUGMX4350816O000,13580,13820,13970,15350,13170,15540,14580,15090,,,,,
CSUGMX4351106O000,280,250,160,310,180,130,120,220,,,,,
CSUGMX4351116O000,280,250,160,310,180,130,120,220,,,,,
CSUGMX4360006O000,320,140,170,210,190,150,180,230,,,,,
CSUGMX4360106O000,320,140,170,210,190,150,180,230,,,,,
CSUGMX4360116O000,90,30,20,30,60,,,20,,,,,
CSUGMX4360126O000,,,,,,20,,,,,,,
CSUGMX4360136O000,50,50,20,80,20,20,40,60,,,,,
CSUGMX4360146O000,180,60,130,90,100,110,120,150,,,,,
CSUGMX4390006O000,2560,2170,1930,1810,1530,1700,1950,1530,,,,,
CSUGMX4390106O000,30,90,20,60,50,40,30,,,,,,
CSUGMX4390116O000,30,90,20,60,50,40,30,,,,,,
CSUGMX4390206O000,20,80,50,30,40,30,40,30,,,,,
CSUGMX4390216O000,,40,30,20,40,30,30,20,,,,,
CSUGMX4390226O000,,40,20,,,,,,,,,,
CSUGMX4390406O000,40,150,50,100,120,120,80,120,,,,,
CSUGMX4390416O000,40,150,50,100,120,120,80,120,,,,,
CSUGMX4390506O000,440,370,490,270,340,460,220,300,,,,,
CSUGMX4390516O000,440,370,490,270,340,460,220,300,,,,,
CSUGMX4390606O000,880,980,730,770,590,660,910,700,,,,,
CSUGMX4390616O000,880,980,730,770,590,660,910,700,,,,,
CSUGMX4390706O000,90,90,110,190,40,,20,20,,,,,
CSUGMX4390716O000,90,90,110,190,40,,20,20,,,,,
CSUGMX4391106O000,30,20,,,20,,,,,,,,
CSUGMX4391116O000,30,20,,,20,,,,,,,,
CSUGMX4391906O000,1020,390,480,390,320,360,590,350,,,,,
CSUGMX4391996O000,1020,390,480,390,320,360,590,350,,,,,
CSUGMX4500006O000,11750,12190,12750,11480,12080,11010,11670,11870,,,,,
CSUGMX4510006O000,380,700,330,380,310,370,490,640,,,,,
CSUGMX4510106O000,380,700,330,380,310,370,490,640,,,,,
CSUGMX4510116O000,380,700,330,380,310,370,490,640,,,,,
CSUGMX4520006O000,10150,10040,11310,10180,10970,9610,10220,10060,,,,,
CSUGMX4520106O000,40,20,70,20,,30,,50,,,,,
CSUGMX4520116O000,40,20,70,20,,30,,50,,,,,
CSUGMX4520206O000,70,100,30,50,,,,30,,,,,
CSUGMX4520216O000,70,100,30,50,,,,30,,,,,
CSUGMX4520406O000,160,100,210,140,70,40,40,100,,,,,
CSUGMX4520416O000,160,100,210,140,70,40,40,100,,,,,
CSUGMX4520906O000,9870,9820,11010,9960,10880,9530,10180,9870,,,,,
CSUGMX4520916O000,540,360,470,550,870,850,610,510,,,,,
CSUGMX4520926O000,5980,6050,7210,5750,5840,5660,5150,5670,,,,,
CSUGMX4520936O000,3290,2970,3230,3480,4000,2950,4310,3520,,,,,
CSUGMX4520996O000,70,440,100,180,170,80,110,180,,,,,
CSUGMX4530006O000,20,160,20,,50,20,120,,,,,,
CSUGMX4530106O000,20,140,,,50,20,120,,,,,,
CSUGMX4530116O000,20,140,,,50,20,120,,,,,,
CSUGMX4530206O000,,20,,,,,,,,,,,
CSUGMX4530216O000,,20,,,,,,,,,,,
CSUGMX4540006O000,1190,1290,1090,900,760,1010,830,1160,,,,,
CSUGMX4540106O000,290,420,330,190,280,120,480,130,,,,,
CSUGMX4540116O000,290,420,330,190,280,120,480,130,,,,,
CSUGMX4540206O000,900,870,760,720,480,900,360,1030,,,,,
CSUGMX4540216O000,100,150,30,210,100,210,130,80,,,,,
CSUGMX4540226O000,160,480,500,150,230,180,110,520,,,,,
CSUGMX4540236O000,70,,,20,20,,,,,,,,
CSUGMX4540296O000,560,220,220,340,140,490,100,430,,,,,
CSUGMX4700006O000,84470,82010,88500,85750,82950,88030,87590,83290,,,,,
CSUGMX4710006O000,5690,5970,5580,6730,5330,5980,5900,6230,,,,,
CSUGMX4710106O000,5690,5970,5580,6730,5330,5980,5900,6230,,,,,
CSUGMX4710116O000,5690,5970,5580,6730,5330,5980,5900,6230,,,,,
CSUGMX4720006O000,64330,62840,68560,64250,64190,72040,66260,65390,,,,,
CSUGMX4720106O000,110,80,50,80,40,120,70,120,,,,,
CSUGMX4720116O000,110,80,50,80,40,120,70,120,,,,,
CSUGMX4720206O000,1230,770,970,970,820,790,700,950,,,,,
CSUGMX4720216O000,1120,630,760,900,510,580,620,880,,,,,
CSUGMX4720226O000,100,140,210,60,310,210,80,70,,,,,
CSUGMX4720306O000,11580,11060,11100,12110,9740,13800,11890,12740,,,,,
CSUGMX4720316O000,11580,11060,11100,12110,9740,13800,11890,12740,,,,,
CSUGMX4720406O000,1570,1960,770,1480,970,840,880,2380,,,,,
CSUGMX4720416O000,590,600,290,280,340,400,620,940,,,,,
CSUGMX4720426O000,130,510,90,380,170,70,30,270,,,,,
CSUGMX4720436O000,170,50,60,310,,,,,,,,,
CSUGMX4720446O000,680,800,330,500,450,360,230,920,,,,,
CSUGMX4720506O000,820,1070,910,500,610,1080,800,920,,,,,
CSUGMX4720516O000,800,1070,910,480,590,1060,800,920,,,,,
CSUGMX4720536O000,20,,,,,20,,,,,,,
CSUGMX4720606O000,19880,18760,20270,21550,19400,24030,22120,20630,,,,,
CSUGMX4720616O000,19880,18760,20270,21550,19400,24030,22120,20630,,,,,
CSUGMX4720706O000,5550,4320,4800,5540,4750,4690,5310,5450,,,,,
CSUGMX4720716O000,180,180,210,160,120,90,120,50,,,,,
CSUGMX4720726O000,50,,20,,40,20,,,,,,,
CSUGMX4720736O000,5330,4140,4570,5360,4600,4580,5190,5400,,,,,
CSUGMX4720806O000,960,1230,1130,1280,1300,1420,1070,1230,,,,,
CSUGMX4720816O000,870,1090,1060,1140,1120,980,840,950,,,,,
CSUGMX4720826O000,90,140,60,150,180,440,230,270,,,,,
CSUGMX4721106O000,8360,7930,8600,6330,6210,7310,5180,6740,,,,,
CSUGMX4721116O000,8360,7930,8600,6330,6210,7310,5180,6740,,,,,
CSUGMX4721206O000,610,490,570,580,1060,710,610,510,,,,,
CSUGMX4721216O000,610,490,570,580,1060,710,610,510,,,,,
CSUGMX4721306O000,810,640,490,650,780,340,700,700,,,,,
CSUGMX4721316O000,780,590,380,550,740,280,570,660,,,,,
CSUGMX4721326O000,30,50,120,90,40,60,120,40,,,,,
CSUGMX4721406O000,2300,2490,4150,2930,4160,3120,4620,2360,,,,,
CSUGMX4721416O000,2270,2430,4120,2910,4050,3120,4620,2340,,,,,
CSUGMX4721426O000,,60,30,,120,,,20,,,,,
CSUGMX4721506O000,5800,6020,9490,5400,7100,6950,5860,6040,,,,,
CSUGMX4721516O000,530,350,420,270,320,340,680,170,,,,,
CSUGMX4721526O000,5270,5670,9080,5130,6780,6610,5190,5870,,,,,
CSUGMX4721606O000,100,340,260,210,180,260,190,240,,,,,
CSUGMX4721616O000,100,340,260,210,180,260,190,240,,,,,
CSUGMX4721706O000,280,230,480,290,240,170,270,120,,,,,
CSUGMX4721716O000,280,230,480,290,240,170,270,120,,,,,
CSUGMX4721806O000,1960,1910,1750,1830,2150,3150,2780,2060,,,,,
CSUGMX4721816O000,1960,1910,1750,1830,2150,3150,2780,2060,,,,,
CSUGMX4722106O000,1340,2190,1800,1420,3330,1830,1640,1290,,,,,
CSUGMX4722116O000,1340,2190,1800,1420,3330,1830,1640,1290,,,,,
CSUGMX4722206O000,1070,1300,900,1080,1220,1410,1380,810,,,,,
CSUGMX4722216O000,1070,1300,900,1080,1220,1410,1380,810,,,,,
CSUGMX4722306O000,20,40,90,,120,,190,80,,,,,
CSUGMX4722316O000,20,40,90,,120,,190,80,,,,,
CSUGMX4730006O000,3020,2410,4010,2420,3280,2190,4020,3430,,,,,
CSUGMX4730106O000,3020,2410,4010,2420,3280,2190,4020,3430,,,,,
CSUGMX4730116O000,230,150,1130,250,290,290,230,240,,,,,
CSUGMX4730126O000,410,370,430,380,200,70,100,530,,,,,
CSUGMX4730136O000,430,540,610,570,1080,270,730,360,,,,,
CSUGMX4730146O000,50,20,40,,160,160,120,40,,,,,
CSUGMX4730156O000,750,680,480,400,330,480,1860,380,,,,,
CSUGMX4730166O000,60,60,50,70,40,270,,760,,,,,
CSUGMX4730196O000,1080,590,1270,730,1190,660,970,1140,,,,,
CSUGMX4740006O000,7480,7290,7300,7890,7880,6080,8870,6120,,,,,
CSUGMX4740106O000,470,520,370,450,340,180,280,590,,,,,
CSUGMX4740116O000,470,520,370,450,340,180,280,590,,,,,
CSUGMX4740206O000,160,300,310,280,150,160,360,110,,,,,
CSUGMX4740216O000,160,300,310,280,150,160,360,110,,,,,
CSUGMX4740306O000,230,160,100,110,220,170,210,330,,,,,
CSUGMX4740316O000,230,160,100,110,220,170,210,330,,,,,
CSUGMX4740406O000,240,330,250,70,100,100,130,60,,,,,
CSUGMX4740416O000,240,330,250,70,100,100,130,60,,,,,
CSUGMX4740506O000,4490,4700,4240,4770,5260,3930,6240,3760,,,,,
CSUGMX4740516O000,4490,4700,4240,4770,5260,3930,6240,3760,,,,,
CSUGMX4740606O000,150,50,20,190,90,70,30,20,,,,,
CSUGMX4740616O000,150,50,20,190,90,70,30,20,,,,,
CSUGMX4740706O000,620,290,690,490,530,400,850,740,,,,,
CSUGMX4740716O000,620,290,690,490,530,400,850,740,,,,,
CSUGMX4740906O000,1130,960,1320,1520,1200,1070,780,490,,,,,
CSUGMX4740996O000,1130,960,1320,1520,1200,1070,780,490,,,,,
CSUGMX4750006O000,3960,3490,3040,4460,2280,1740,2540,2120,,,,,
CSUGMX4750106O000,470,900,440,660,290,280,420,160,,,,,
CSUGMX4750116O000,180,330,160,190,90,180,50,70,,,,,
CSUGMX4750126O000,210,240,120,290,150,50,170,50,,,,,
CSUGMX4750136O000,70,330,160,180,50,50,200,50,,,,,
CSUGMX4750206O000,160,250,140,470,80,100,140,180,,,,,
CSUGMX4750216O000,160,250,140,470,80,100,140,180,,,,,
CSUGMX4750406O000,560,310,480,460,440,350,360,370,,,,,
CSUGMX4750416O000,100,,70,60,70,50,50,40,,,,,
CSUGMX4750426O000,20,,20,40,30,40,20,30,,,,,
CSUGMX4750496O000,440,310,390,360,350,270,290,300,,,,,
CSUGMX4750506O000,,,,40,30,30,30,30,,,,,
CSUGMX4750516O000,,,,40,30,30,30,30,,,,,
CSUGMX4750606O000,370,,300,290,220,150,200,220,,,,,
CSUGMX4750616O000,370,,300,290,220,150,200,220,,,,,
CSUGMX4750706O000,720,850,760,690,450,170,530,350,,,,,
CSUGMX4750716O000,720,850,760,690,450,170,530,350,,,,,
CSUGMX4750806O000,230,150,120,380,20,,190,20,,,,,
CSUGMX4750816O000,230,150,120,380,20,,190,20,,,,,
CSUGMX4750906O000,1430,1020,800,1460,730,630,640,780,,,,,
CSUGMX4750996O000,1430,1020,800,1460,730,630,640,780,,,,,
CSUGMX4900006O000,97870,94680,91570,90470,94660,87920,92130,90270,,,,,
CSUGMX4910006O000,4530,4780,3380,2910,4360,3890,4280,4360,,,,,
CSUGMX4910106O000,4530,4780,3380,2910,4360,3890,4280,4360,,,,,
CSUGMX4910116O000,4530,4780,3380,2910,4360,3890,4280,4360,,,,,
CSUGMX4920006O000,6730,7570,7360,8590,7740,7480,7810,9650,,,,,
CSUGMX4920106O000,1070,640,730,990,1030,600,530,1040,,,,,
CSUGMX4920116O000,1070,640,730,990,1030,600,530,1040,,,,,
CSUGMX4920206O000,3090,3670,3920,4890,3540,3920,5270,7120,,,,,
CSUGMX4920216O000,150,160,130,170,150,120,,280,,,,,
CSUGMX4920226O000,2930,3500,3790,4720,3390,3800,5260,6830,,,,,
CSUGMX4920906O000,2570,3260,2700,2710,3180,2960,2010,1490,,,,,
CSUGMX4920916O000,60,100,20,150,30,130,30,30,,,,,
CSUGMX4920926O000,110,110,80,480,120,310,80,130,,,,,
CSUGMX4920936O000,50,20,30,,180,70,110,60,,,,,
CSUGMX4920946O000,310,290,90,60,120,300,250,50,,,,,
CSUGMX4920956O000,320,70,80,60,120,40,20,20,,,,,
CSUGMX4920966O000,120,300,70,120,80,50,250,100,,,,,
CSUGMX4920976O000,1060,1990,1800,1260,1940,1630,1010,600,,,,,
CSUGMX4920986O000,540,380,530,560,580,430,250,500,,,,,
CSUGMX4930006O000,29660,27380,26430,26260,25720,27270,26290,28050,,,,,
CSUGMX4930106O000,2010,1590,1640,1550,1230,1850,1650,1730,,,,,
CSUGMX4930116O000,2010,1590,1640,1550,1230,1850,1650,1730,,,,,
CSUGMX4930206O000,15760,13910,12620,13420,13450,14570,14800,13760,,,,,
CSUGMX4930216O000,2900,1490,2530,1450,1460,1610,1730,1430,,,,,
CSUGMX4930226O000,240,460,270,320,250,1210,280,510,,,,,
CSUGMX4930236O000,12620,11960,9810,11650,11740,11750,12800,11820,,,,,
CSUGMX4930306O000,5260,4960,5610,4640,5740,5340,4930,4990,,,,,
CSUGMX4930316O000,5260,4960,5610,4640,5740,5340,4930,4990,,,,,
CSUGMX4930406O000,3930,3720,3040,3220,2550,2760,2520,3610,,,,,
CSUGMX4930416O000,1520,1070,980,1150,770,730,590,1230,,,,,
CSUGMX4930426O000,1960,2420,1760,1780,1450,1870,1660,2310,,,,,
CSUGMX4930436O000,450,220,300,290,320,150,280,60,,,,,
CSUGMX4930506O000,410,530,1220,570,230,480,310,760,,,,,
CSUGMX4930516O000,190,190,420,230,90,270,60,330,,,,,
CSUGMX4930526O000,60,140,220,100,60,130,90,100,,,,,
CSUGMX4930536O000,160,200,580,240,90,80,160,330,,,,,
CSUGMX4930906O000,2290,2660,2320,2870,2520,2280,2070,3210,,,,,
CSUGMX4930916O000,80,,,40,120,,110,190,,,,,
CSUGMX4930926O000,40,210,100,180,180,530,110,240,,,,,
CSUGMX4930936O000,2170,2440,2220,2640,2220,1750,1850,2780,,,,,
CSUGMX4990006O000,56950,54950,54400,52710,56840,49280,53750,48220,,,,,
CSUGMX4990106O000,950,720,970,1250,980,1020,600,750,,,,,
CSUGMX4990116O000,300,270,80,680,390,800,390,240,,,,,
CSUGMX4990126O000,660,450,890,570,590,220,200,510,,,,,
CSUGMX4990206O000,5590,7160,7270,6570,7760,6740,7710,7050,,,,,
CSUGMX4990216O000,5590,7160,7270,6570,7760,6740,7710,7050,,,,,
CSUGMX4990306O000,740,480,290,210,330,120,50,270,,,,,
CSUGMX4990316O000,740,480,290,210,330,120,50,270,,,,,
CSUGMX4990406O000,6960,5030,3980,5380,4930,4390,3810,3650,,,,,
CSUGMX4990416O000,3880,3240,2340,3220,3220,3110,2760,2360,,,,,
CSUGMX4990436O000,2250,1000,1160,1580,960,710,580,840,,,,,
CSUGMX4990446O000,820,770,470,580,730,520,480,430,,,,,
CSUGMX4990456O000,,,,,30,50,,,,,,,
CSUGMX4990506O000,5370,4760,6510,5970,5900,4050,5710,4860,,,,,
CSUGMX4990516O000,2410,2050,2280,2470,2230,1700,2150,1870,,,,,
CSUGMX4990526O000,2970,2710,4230,3500,3670,2340,3550,2990,,,,,
CSUGMX4990606O000,380,440,320,260,490,270,570,170,,,,,
CSUGMX4990616O000,30,,20,,50,,,40,,,,,
CSUGMX4990626O000,200,240,100,70,300,200,280,100,,,,,
CSUGMX4990636O000,30,30,30,40,30,,,,,,,,
CSUGMX4990696O000,120,170,170,130,110,60,60,30,,,,,
CSUGMX4990706O000,27470,28140,27120,26210,28350,26600,29330,28260,,,,,
CSUGMX4990716O000,27470,28140,27120,26210,28350,26600,29330,28260,,,,,
CSUGMX4990806O000,,50,,,,30,220,,,,,,
CSUGMX4990816O000,,50,,,,30,220,,,,,,
CSUGMX4990906O000,9470,8170,7940,6850,8100,6070,5760,3200,,,,,
CSUGMX4990916O000,380,280,350,250,270,160,420,250,,,,,
CSUGMX4990926O000,130,50,50,,20,,130,40,,,,,
CSUGMX4990946O000,110,90,220,190,210,120,110,150,,,,,
CSUGMX4990956O000,50,50,,,20,,30,30,,,,,
CSUGMX4990966O000,320,240,210,240,150,160,220,200,,,,,
CSUGMX4990976O000,,20,,60,,,,,,,,,
CSUGMX4990986O000,1400,1010,1370,2380,1550,1010,1130,730,,,,,
CSUGMX4990996O000,7050,6400,5710,3700,5870,4590,3500,1660,,,,,
CSUGMX5100006O000,86740,87390,83140,80940,84060,75570,73840,74350,,,,,
CSUGMX5110006O000,3490,2370,2360,2490,2420,2710,2390,2130,,,,,
CSUGMX5110106O000,3490,2370,2360,2490,2420,2710,2390,2130,,,,,
CSUGMX5110116O000,3490,2370,2360,2490,2420,2710,2390,2130,,,,,
CSUGMX5120006O000,11230,10380,10960,10320,10820,10070,9360,9290,,,,,
CSUGMX5120106O000,570,690,630,440,480,400,500,250,,,,,
CSUGMX5120116O000,570,690,630,440,480,400,500,250,,,,,
CSUGMX5120206O000,460,450,630,550,510,590,330,390,,,,,
CSUGMX5120216O000,90,60,70,110,110,150,30,100,,,,,
CSUGMX5120226O000,310,360,490,390,390,430,280,280,,,,,
CSUGMX5120236O000,60,30,60,50,20,,30,,,,,,
CSUGMX5120306O000,190,110,310,180,120,200,120,110,,,,,
CSUGMX5120316O000,190,110,310,180,120,200,120,110,,,,,
CSUGMX5120406O000,370,470,380,450,580,140,120,280,,,,,
CSUGMX5120416O000,370,470,380,450,580,140,120,280,,,,,
CSUGMX5120906O000,9630,8670,9010,8700,9130,8740,8280,8260,,,,,
CSUGMX5120916O000,110,230,200,170,160,90,180,110,,,,,
CSUGMX5120926O000,240,650,870,1720,1270,1020,1060,1330,,,,,
CSUGMX5120996O000,9270,7790,7940,6800,7700,7640,7030,6820,,,,,
CSUGMX5130006O000,7060,6270,6230,6930,6230,6130,5980,6540,,,,,
CSUGMX5130106O000,560,710,540,690,580,610,360,340,,,,,
CSUGMX5130116O000,560,710,540,690,580,610,360,340,,,,,
CSUGMX5130206O000,4630,4060,3890,4490,3920,4190,4120,4400,,,,,
CSUGMX5130216O000,2970,2820,2600,2710,2470,2810,2510,2940,,,,,
CSUGMX5130226O000,1220,980,960,1280,1120,1070,1210,1200,,,,,
CSUGMX5130236O000,440,260,330,500,330,310,390,250,,,,,
CSUGMX5130906O000,1870,1500,1800,1750,1730,1330,1500,1800,,,,,
CSUGMX5130916O000,210,100,150,220,130,90,180,270,,,,,
CSUGMX5130926O000,640,340,540,630,580,510,530,640,,,,,
CSUGMX5130936O000,160,90,80,210,260,140,150,300,,,,,
CSUGMX5130996O000,850,970,1040,680,770,590,650,590,,,,,
CSUGMX5140006O000,24900,25820,23730,23530,23900,20210,20010,21200,,,,,
CSUGMX5140106O000,400,380,520,640,620,450,590,700,,,,,
CSUGMX5140116O000,350,360,480,610,600,400,530,670,,,,,
CSUGMX5140126O000,60,20,40,30,20,60,60,30,,,,,
CSUGMX5140206O000,750,950,900,950,800,820,790,970,,,,,
CSUGMX5140216O000,360,260,560,540,340,330,310,370,,,,,
CSUGMX5140226O000,150,380,140,190,280,290,250,220,,,,,
CSUGMX5140236O000,240,310,200,220,180,200,220,380,,,,,
CSUGMX5140306O000,3760,3860,3530,3920,3890,3350,3010,2980,,,,,
CSUGMX5140316O000,2120,1900,2120,2340,2240,1930,1720,1510,,,,,
CSUGMX5140326O000,140,140,100,110,80,50,40,90,,,,,
CSUGMX5140336O000,1210,1540,1050,1080,1280,1150,940,1000,,,,,
CSUGMX5140346O000,200,170,180,210,170,120,200,320,,,,,
CSUGMX5140356O000,100,100,80,160,120,110,110,70,,,,,
CSUGMX5140406O000,4440,4460,3650,3740,3480,2790,3000,2460,,,,,
CSUGMX5140416O000,4440,4460,3650,3740,3480,2790,3000,2460,,,,,
CSUGMX5140506O000,570,450,380,460,370,310,330,580,,,,,
CSUGMX5140516O000,330,250,210,270,220,140,180,460,,,,,
CSUGMX5140526O000,240,210,170,180,150,160,140,120,,,,,
CSUGMX5140606O000,30,,30,60,60,20,20,,,,,,
CSUGMX5140616O000,20,,,40,50,20,,,,,,,
CSUGMX5140626O000,,,20,20,,,,,,,,,
CSUGMX5140706O000,1560,1230,1170,1270,1220,970,1250,950,,,,,
CSUGMX5140716O000,330,290,170,200,230,200,70,140,,,,,
CSUGMX5140726O000,1240,940,1000,1070,990,770,1180,820,,,,,
CSUGMX5140806O000,90,90,50,230,150,80,90,70,,,,,
CSUGMX5140816O000,90,90,50,230,150,80,90,70,,,,,
CSUGMX5141106O000,450,330,600,340,450,500,410,400,,,,,
CSUGMX5141116O000,450,330,600,340,450,500,410,400,,,,,
CSUGMX5141206O000,7880,9870,8780,7640,8140,6570,6330,6420,,,,,
CSUGMX5141216O000,4260,5860,5860,5520,5740,4420,3920,2420,,,,,
CSUGMX5141226O000,3620,4010,2920,2120,2400,2150,2410,4010,,,,,
CSUGMX5141906O000,4960,4210,4100,4300,4720,4350,4190,5660,,,,,
CSUGMX5141916O000,160,260,230,130,150,110,140,250,,,,,
CSUGMX5141926O000,270,220,240,260,350,170,240,270,,,,,
CSUGMX5141936O000,290,340,250,340,260,150,520,230,,,,,
CSUGMX5141946O000,140,90,150,130,60,80,60,60,,,,,
CSUGMX5141996O000,4100,3290,3220,3450,3900,3840,3250,4850,,,,,
CSUGMX5151006O000,1690,1630,1280,1590,1560,1300,1440,1730,,,,,
CSUGMX5151106O000,1690,1630,1280,1590,1560,1300,1440,1730,,,,,
CSUGMX5151116O000,80,140,,60,30,100,30,120,,,,,
CSUGMX5151126O000,1410,1260,1000,1090,1230,960,1170,1450,,,,,
CSUGMX5151136O000,200,230,270,430,300,230,240,170,,,,,
CSUGMX5160006O000,1900,2150,1750,1650,2150,1820,1450,1420,,,,,
CSUGMX5160106O000,820,1430,760,840,790,980,870,660,,,,,
CSUGMX5160116O000,820,1430,760,840,790,980,870,660,,,,,
CSUGMX5160206O000,20,60,20,90,,,,,,,,,
CSUGMX5160216O000,20,60,20,90,,,,,,,,,
CSUGMX5160306O000,200,130,170,80,150,120,110,210,,,,,
CSUGMX5160316O000,200,130,170,80,150,120,110,210,,,,,
CSUGMX5160406O000,50,30,60,60,40,40,20,50,,,,,
CSUGMX5160416O000,,20,30,40,20,20,,30,,,,,
CSUGMX5160426O000,50,,30,20,30,30,,20,,,,,
CSUGMX5160506O000,30,40,,50,550,,,,,,,,
CSUGMX5160516O000,30,,,,,,,,,,,,
CSUGMX5160526O000,,40,,50,550,,,,,,,,
CSUGMX5160606O000,190,190,220,230,300,200,120,260,,,,,
CSUGMX5160616O000,20,,40,,,30,,30,,,,,
CSUGMX5160626O000,90,50,80,70,60,90,40,70,,,,,
CSUGMX5160636O000,30,70,40,60,90,60,30,50,,,,,
CSUGMX5160646O000,50,60,70,90,140,30,50,110,,,,,
CSUGMX5160906O000,590,270,510,310,300,450,320,230,,,,,
CSUGMX5160916O000,50,20,30,70,30,30,30,20,,,,,
CSUGMX5160936O000,110,180,440,130,190,280,260,150,,,,,
CSUGMX5160996O000,430,60,50,110,70,130,40,70,,,,,
CSUGMX5170006O000,2540,2790,2820,3030,2990,2710,2370,3120,,,,,
CSUGMX5170106O000,840,670,500,740,890,770,640,1100,,,,,
CSUGMX5170116O000,840,670,500,740,890,770,640,1100,,,,,
CSUGMX5170206O000,280,280,180,240,230,170,50,270,,,,,
CSUGMX5170216O000,280,280,180,240,230,170,50,270,,,,,
CSUGMX5170306O000,20,,,,,,60,,,,,,
CSUGMX5170316O000,20,,,,,,,,,,,,
CSUGMX5170406O000,1280,1580,1700,1920,1740,1690,1530,1700,,,,,
CSUGMX5170416O000,910,1110,880,1230,1220,1150,1080,1080,,,,,
CSUGMX5170426O000,370,460,820,700,520,540,450,620,,,,,
CSUGMX5170906O000,120,260,430,130,140,70,100,50,,,,,
CSUGMX5170996O000,120,260,430,130,140,70,100,50,,,,,
CSUGMX5180006O000,3080,3240,5320,3330,3750,2510,3260,3110,,,,,
CSUGMX5180106O000,130,180,170,110,130,230,170,110,,,,,
CSUGMX5180136O000,120,170,170,100,120,230,160,110,,,,,
CSUGMX5180206O000,430,480,480,680,620,360,300,320,,,,,
CSUGMX5180216O000,430,480,480,680,620,360,300,320,,,,,
CSUGMX5180306O000,2130,2000,4110,1910,2620,1720,1980,2400,,,,,
CSUGMX5180316O000,2130,2000,4110,1910,2620,1720,1980,2400,,,,,
CSUGMX5180906O000,390,590,560,630,380,180,810,290,,,,,
CSUGMX5180916O000,40,20,100,160,50,,40,60,,,,,
CSUGMX5180926O000,50,20,30,150,40,,,,,,,,
CSUGMX5180936O000,100,70,170,150,80,80,600,80,,,,,
CSUGMX5180996O000,200,490,250,160,220,90,160,150,,,,,
CSUGMX5190006O000,30850,32730,28680,28080,30230,28110,27580,25800,,,,,
CSUGMX5190106O000,250,300,540,590,480,490,380,520,,,,,
CSUGMX5190116O000,70,120,70,240,180,190,170,130,,,,,
CSUGMX5190126O000,180,180,480,350,300,290,220,390,,,,,
CSUGMX5190206O000,1270,1910,960,1640,1050,1040,980,900,,,,,
CSUGMX5190216O000,510,850,480,670,400,390,330,360,,,,,
CSUGMX5190226O000,220,440,90,220,190,90,160,70,,,,,
CSUGMX5190236O000,540,620,390,750,470,560,480,460,,,,,
CSUGMX5190306O000,620,480,680,560,550,340,450,460,,,,,
CSUGMX5190316O000,,,40,50,,,20,40,,,,,
CSUGMX5190326O000,600,480,640,510,540,340,420,420,,,,,
CSUGMX5190406O000,540,360,810,700,340,340,250,280,,,,,
CSUGMX5190416O000,540,360,810,700,340,340,250,280,,,,,
CSUGMX5190506O000,190,140,230,170,170,140,220,170,,,,,
CSUGMX5190516O000,190,140,230,170,170,140,220,170,,,,,
CSUGMX5190606O000,2780,2520,2010,2080,3350,2010,2290,1700,,,,,
CSUGMX5190616O000,2780,2520,2010,2080,3350,2010,2290,1700,,,,,
CSUGMX5190706O000,80,,40,,,70,30,30,,,,,
CSUGMX5190716O000,80,,40,,,70,30,30,,,,,
CSUGMX5190806O000,90,120,200,80,540,80,50,280,,,,,
CSUGMX5190816O000,40,,140,40,30,60,,20,,,,,
CSUGMX5190826O000,,20,50,,170,20,30,,,,,,
CSUGMX5190836O000,50,100,,30,340,,,250,,,,,
CSUGMX5191106O000,1290,1470,1240,1330,1640,1390,1200,1250,,,,,
CSUGMX5191116O000,1290,1470,1240,1330,1640,1390,1200,1250,,,,,
CSUGMX5191206O000,1120,1580,1600,1790,1420,1490,1390,1480,,,,,
CSUGMX5191216O000,530,400,410,590,390,450,380,620,,,,,
CSUGMX5191226O000,340,640,310,790,420,260,450,630,,,,,
CSUGMX5191236O000,250,540,880,410,610,790,570,240,,,,,
CSUGMX5191406O000,,20,20,50,50,40,30,20,,,,,
CSUGMX5191416O000,,20,20,50,50,40,30,20,,,,,
CSUGMX5191506O000,260,350,230,70,100,40,50,20,,,,,
CSUGMX5191516O000,260,350,230,70,100,40,50,20,,,,,
CSUGMX5191906O000,22360,23470,20100,19020,20520,20640,20250,18700,,,,,
CSUGMX5191916O000,40,50,40,110,100,30,40,40,,,,,
CSUGMX5191926O000,50,90,80,100,60,20,30,30,,,,,
CSUGMX5191936O000,40,20,50,,,,,30,,,,,
CSUGMX5191946O000,80,140,170,100,220,210,130,120,,,,,
CSUGMX5191956O000,320,330,320,270,220,200,590,310,,,,,
CSUGMX5191966O000,320,390,380,580,320,380,460,410,,,,,
CSUGMX5191976O000,310,290,220,300,210,190,130,340,,,,,
CSUGMX5191986O000,2200,1420,1690,1830,1560,1350,1320,1290,,,,,
CSUGMX5191996O000,19010,20730,17150,15720,17830,18240,17540,16140,,,,,
CSUGMX5300006O000,159150,165010,158590,166330,162850,157810,153570,157780,,,,,
CSUGMX5310006O000,3060,3290,3190,3200,3870,2570,2590,2160,,,,,
CSUGMX5310106O000,90,250,280,220,130,90,150,140,,,,,
CSUGMX5310116O000,90,250,280,220,130,90,150,140,,,,,
CSUGMX5310206O000,2020,1570,2000,1910,2190,1610,1300,1030,,,,,
CSUGMX5310216O000,2020,1570,2000,1910,2190,1610,1300,1030,,,,,
CSUGMX5310306O000,940,1470,910,1070,1540,870,1140,990,,,,,
CSUGMX5310316O000,940,1470,910,1070,1540,870,1140,990,,,,,
CSUGMX5320006O000,1190,2060,1670,2000,1190,1040,1100,1120,,,,,
CSUGMX5320106O000,770,1080,1000,670,500,420,550,430,,,,,
CSUGMX5320116O000,640,910,570,440,360,230,440,270,,,,,
CSUGMX5320126O000,130,160,420,240,140,180,110,160,,,,,
CSUGMX5320206O000,20,20,60,30,,,,,,,,,
CSUGMX5320226O000,20,,60,30,,,,,,,,,
CSUGMX5320306O000,400,960,610,1290,680,610,550,680,,,,,
CSUGMX5320316O000,400,960,610,1290,680,610,550,680,,,,,
CSUGMX5330006O000,83890,83350,84990,92430,87600,82640,82500,81700,,,,,
CSUGMX5330106O000,270,190,80,230,170,30,120,190,,,,,
CSUGMX5330116O000,270,190,80,230,170,30,120,190,,,,,
CSUGMX5330206O000,6210,7440,5950,6760,7010,6250,5890,5740,,,,,
CSUGMX5330216O000,4300,5170,3810,4590,5050,4160,4200,3470,,,,,
CSUGMX5330226O000,1910,2270,2140,2170,1960,2090,1690,2260,,,,,
CSUGMX5330306O000,74660,71840,76170,82010,77540,73940,73350,73190,,,,,
CSUGMX5330316O000,8400,8540,7200,9080,7790,7920,7150,6540,,,,,
CSUGMX5330326O000,42510,40210,47250,53600,47480,46140,45850,46780,,,,,
CSUGMX5330336O000,23750,23100,21720,19330,22270,19880,20350,19880,,,,,
CSUGMX5330406O000,1910,2090,1710,2550,2030,1800,2260,1940,,,,,
CSUGMX5330416O000,1910,2090,1710,2550,2030,1800,2260,1940,,,,,
CSUGMX5330906O000,830,1780,1090,870,850,620,870,650,,,,,
CSUGMX5330996O000,830,1780,1090,870,850,620,870,650,,,,,
CSUGMX5340006O000,370,610,600,880,310,320,670,930,,,,,
CSUGMX5340106O000,170,240,310,80,40,30,,70,,,,,
CSUGMX5340116O000,160,230,310,20,20,,,60,,,,,
CSUGMX5340136O000,,,,60,20,20,,,,,,,
CSUGMX5340206O000,20,200,30,90,40,30,30,60,,,,,
CSUGMX5340216O000,20,200,30,90,40,30,30,60,,,,,
CSUGMX5340306O000,20,,150,150,,30,250,290,,,,,
CSUGMX5340316O000,20,,150,150,,30,250,290,,,,,
CSUGMX5340406O000,150,130,70,550,230,220,380,490,,,,,
CSUGMX5340416O000,150,130,70,550,230,220,380,490,,,,,
CSUGMX5340906O000,,,,30,,,,30,,,,,
CSUGMX5340996O000,,,,30,,,,30,,,,,
CSUGMX5350006O000,1010,860,680,830,750,860,770,1100,,,,,
CSUGMX5350106O000,670,540,470,430,530,670,670,730,,,,,
CSUGMX5350116O000,670,540,470,430,530,670,670,730,,,,,
CSUGMX5350206O000,270,300,140,350,160,60,100,170,,,,,
CSUGMX5350216O000,270,290,140,330,160,60,100,170,,,,,
CSUGMX5350306O000,70,,70,50,70,130,,200,,,,,
CSUGMX5350316O000,70,,70,50,70,130,,200,,,,,
CSUGMX5360006O000,2590,2800,2100,2710,2040,1590,1860,1880,,,,,
CSUGMX5360106O000,,20,20,20,,,,,,,,,
CSUGMX5360116O000,,20,20,20,,,,,,,,,
CSUGMX5360206O000,800,810,930,1460,1080,910,850,1030,,,,,
CSUGMX5360216O000,800,810,930,1460,1080,910,850,1030,,,,,
CSUGMX5360306O000,180,180,190,130,190,160,480,70,,,,,
CSUGMX5360316O000,180,180,190,130,190,160,480,70,,,,,
CSUGMX5360406O000,60,190,50,60,100,60,30,60,,,,,
CSUGMX5360416O000,60,190,50,60,100,60,30,60,,,,,
CSUGMX5360506O000,70,180,40,60,60,40,110,90,,,,,
CSUGMX5360516O000,70,180,40,60,60,40,110,90,,,,,
CSUGMX5360606O000,100,60,60,40,70,60,,30,,,,,
CSUGMX5360616O000,100,60,60,40,70,60,,30,,,,,
CSUGMX5360906O000,1370,1360,810,940,520,350,390,590,,,,,
CSUGMX5360996O000,1370,1360,810,940,520,350,390,590,,,,,
CSUGMX5370006O000,67040,72040,65370,64280,67090,68790,64070,68890,,,,,
CSUGMX5370106O000,280,220,450,180,430,140,130,210,,,,,
CSUGMX5370116O000,280,220,450,180,430,140,130,210,,,,,
CSUGMX5370206O000,570,560,700,300,520,370,430,660,,,,,
CSUGMX5370216O000,570,560,700,300,520,370,430,660,,,,,
CSUGMX5370306O000,740,380,340,460,540,350,200,440,,,,,
CSUGMX5370316O000,,,,,,70,,,,,,,
CSUGMX5370326O000,700,380,320,380,480,250,160,380,,,,,
CSUGMX5370336O000,30,,20,70,60,40,40,60,,,,,
CSUGMX5370406O000,100,70,400,260,150,50,60,100,,,,,
CSUGMX5370416O000,100,70,400,260,150,50,60,100,,,,,
CSUGMX5370506O000,4980,4900,5170,5300,4700,4610,4290,4470,,,,,
CSUGMX5370516O000,4980,4900,5170,5300,4700,4610,4290,4470,,,,,
CSUGMX5370606O000,52660,58990,51220,52430,53880,56330,54420,57430,,,,,
CSUGMX5370616O000,2790,3020,3660,3610,2620,2880,3340,2980,,,,,
CSUGMX5370626O000,47680,53280,45140,46070,48940,50910,48940,52040,,,,,
CSUGMX5370636O000,390,570,490,550,310,650,290,440,,,,,
CSUGMX5370646O000,1800,2120,1940,2200,2010,1890,1860,1980,,,,,
CSUGMX5370706O000,100,220,240,290,190,150,90,300,,,,,
CSUGMX5370716O000,,,,20,,,,,,,,,
CSUGMX5370726O000,40,50,140,180,100,80,70,190,,,,,
CSUGMX5370736O000,60,170,90,80,100,70,20,110,,,,,
CSUGMX5370806O000,6710,5190,5420,3930,5980,5870,3910,4630,,,,,
CSUGMX5370816O000,6710,5190,5420,3930,5980,5870,3910,4630,,,,,
CSUGMX5371106O000,120,,100,100,80,50,70,60,,,,,
CSUGMX5371116O000,120,,100,100,80,50,70,60,,,,,
CSUGMX5371206O000,180,370,270,110,100,370,90,140,,,,,
CSUGMX5371216O000,180,370,270,110,100,370,90,140,,,,,
CSUGMX5371906O000,610,1120,1060,910,520,500,380,470,,,,,
CSUGMX5371996O000,610,1120,1060,910,520,500,380,470,,,,,
CSUGMX9999996O000,1020,2340,2190,1160,710,1150,150,260,,,,,
CSUGMXO10XXX6O000,14410,12700,14390,14050,16590,11310,12210,14020,,,,,
CSUGMXO23XXX6O000,6790,6700,5790,7230,5480,5410,5480,5230,,,,,
CSUGMXO25XXX6O000,14260,12100,15450,13580,12130,16290,13060,11630,,,,,
CSUGMXO27XXX6O000,12250,13810,12630,13480,12620,13070,13540,13090,,,,,
CSUGMXO30XXX6O000,179250,166680,164650,157160,165710,163030,160650,158600,,,,,
CSUGMXO41XXX6O000,23580,23390,24480,23790,22990,21960,21530,22430,,,,,
CSUGMXO43XXX6O000,34380,31800,30960,34060,29560,31720,30470,32610,,,,,
CSUGMXO45XXX6O000,11750,12190,12750,11480,12080,11010,11670,11870,,,,,
CSUGMXO47XXX6O000,84470,82010,88500,85750,82950,88030,87590,83290,,,,,
CSUGMXO49XXX6O000,97870,94680,91570,90470,94660,87920,92130,90270,,,,,
CSUGMXO51XXX6O000,86740,87390,83140,80940,84060,75570,73840,74350,,,,,
CSUGMXO53XXX6O000,159150,165010,158590,166330,162850,157810,153570,157780,,,,,
CSUGMXOT1XXX6O000,47720,45310,48270,48340,46810,46080,44290,43970,,,,,
CSUGMXOT2XXX6O000,57960,55190,55440,57850,52550,53680,52000,55040,,,,,
CSUGMXOT3XXX6O000,194090,188880,192810,187690,189700,186960,191400,185430,,,,,
CSUGMXOT4XXX6O000,245900,252400,241730,247270,246910,233380,227410,232130,,,,,
