Census of Fatal Occupational Injuries (2011 forward),,,,,,,,,,,,,
Years:,2011 to 2018,,,,,,,,,,,,
,,,,,,,,,,,,,
Series ID,"Annual
2011","Annual
2012","Annual
2013","Annual
2014","Annual
2015","Annual
2016","Annual
2017","Annual
2018",,,,,
FWU00X0000008ON00,4693,4628,4585,4821,4836,5190,5147,5250,,,,,
FWU00X1110118ON00,22,21,18,11,11,10,10,23,,,,,
FWU00X11101X8ON00,22,21,18,11,11,10,10,23,,,,,
FWU00X1110218ON00,9,10,12,14,11,,14,16,,,,,
FWU00X11102X8ON00,9,10,12,14,11,,14,16,,,,,
FWU00X1110318ON00,,1,,,,1,,,,,,,
FWU00X11103X8ON00,,1,,,,1,,,,,,,
FWU00X111XXX8ON00,31,32,30,25,22,13,24,39,,,,,
FWU00X1120218ON00,,,4,,,,1,,,,,,
FWU00X1120228ON00,5,9,11,8,7,4,9,7,,,,,
FWU00X11202X8ON00,7,11,15,8,8,4,10,9,,,,,
FWU00X1120318ON00,,,,,,,1,,,,,,
FWU00X11203X8ON00,,,,,,,1,,,,,,
FWU00X112XXX8ON00,7,12,18,10,10,5,13,10,,,,,
FWU00X1130118ON00,6,9,4,4,,4,,,,,,,
FWU00X11301X8ON00,6,9,4,4,,4,,,,,,,
FWU00X1130218ON00,4,1,1,3,,3,3,,,,,,
FWU00X11302X8ON00,4,1,1,3,,3,3,,,,,,
FWU00X1130318ON00,6,1,2,5,7,3,7,,,,,,
FWU00X11303X8ON00,6,1,2,5,7,3,7,,,,,,
FWU00X1130518ON00,7,,4,6,4,3,4,4,,,,,
FWU00X11305X8ON00,7,,4,6,4,3,4,4,,,,,
FWU00X1130718ON00,3,10,4,6,5,8,4,4,,,,,
FWU00X11307X8ON00,3,10,4,6,5,8,4,4,,,,,
FWU00X1131218ON00,,,1,4,,,,,,,,,
FWU00X11312X8ON00,,,1,4,,,,,,,,,
FWU00X1131318ON00,,,1,,,,,,,,,,
FWU00X11313X8ON00,,,1,,,,,,,,,,
FWU00X113XXX8ON00,27,24,19,28,19,23,21,11,,,,,
FWU00X1190138ON00,268,232,231,270,252,260,258,257,,,,,
FWU00X11901X8ON00,268,232,231,270,252,260,258,257,,,,,
FWU00X1190218ON00,21,24,15,15,11,3,12,8,,,,,
FWU00X11902X8ON00,21,24,15,15,11,3,12,8,,,,,
FWU00X1190328ON00,4,4,4,,,2,3,,,,,,
FWU00X1190338ON00,2,1,,,,,,,,,,,
FWU00X11903X8ON00,8,7,4,5,3,4,3,4,,,,,
FWU00X1190418ON00,,,,,,4,,2,,,,,
FWU00X11904X8ON00,,,,,,4,,2,,,,,
FWU00X1190518ON00,28,27,36,22,22,23,19,16,,,,,
FWU00X11905X8ON00,28,27,36,22,22,23,19,16,,,,,
FWU00X1190618ON00,,,,1,1,,3,,,,,,
FWU00X11906X8ON00,,,,1,1,,3,,,,,,
FWU00X1190718ON00,,,,,,,,1,,,,,
FWU00X11907X8ON00,,,,,,,,1,,,,,
FWU00X1190818ON00,9,6,7,9,7,3,5,11,,,,,
FWU00X11908X8ON00,9,6,7,9,7,3,5,11,,,,,
FWU00X1191118ON00,6,8,3,5,,3,3,4,,,,,
FWU00X11911X8ON00,6,8,3,5,,3,3,4,,,,,
FWU00X1191218ON00,,,,,,,,1,,,,,
FWU00X11912X8ON00,,,,,,,,1,,,,,
FWU00X1191318ON00,,,1,,,,2,,,,,,
FWU00X11913X8ON00,,,1,,,,2,,,,,,
FWU00X1191418ON00,15,30,20,20,19,23,16,17,,,,,
FWU00X11914X8ON00,15,30,20,20,19,23,16,17,,,,,
FWU00X1191518ON00,6,4,1,4,1,,,1,,,,,
FWU00X11915X8ON00,6,4,1,4,1,,,1,,,,,
FWU00X11919X8ON00,40,38,19,21,9,10,13,4,,,,,
FWU00X119XXX8ON00,402,377,341,377,328,336,338,327,,,,,
FWU00X11XXXX8ON00,467,445,408,440,379,377,396,387,,,,,
FWU00X1310218ON00,,,2,,3,,1,2,,,,,
FWU00X1310238ON00,,,,,,1,,,,,,,
FWU00X13102X8ON00,,,2,,5,1,1,3,,,,,
FWU00X1310318ON00,,4,3,3,,,3,5,,,,,
FWU00X13103X8ON00,,4,3,3,,,3,5,,,,,
FWU00X1310418ON00,3,2,,,,,,1,,,,,
FWU00X13104X8ON00,3,2,,,,,,1,,,,,
FWU00X1310518ON00,1,1,,3,,,,,,,,,
FWU00X13105X8ON00,1,1,,3,,,,,,,,,
FWU00X1310718ON00,,,,4,,,,,,,,,
FWU00X1310758ON00,,,,,,,,1,,,,,
FWU00X13107X8ON00,4,,,4,,,,1,,,,,
FWU00X1310818ON00,,,1,,,,,,,,,,
FWU00X13108X8ON00,,,1,,,,,,,,,,
FWU00X1311118ON00,,1,2,4,,6,,,,,,,
FWU00X13111X8ON00,,1,2,4,,6,,,,,,,
FWU00X1311218ON00,,1,,,3,,,1,,,,,
FWU00X13112X8ON00,,1,,,3,,,1,,,,,
FWU00X1311318ON00,,,,,,,3,,,,,,
FWU00X13113X8ON00,,,,,,,3,,,,,,
FWU00X1311518ON00,3,,,,,,1,,,,,,
FWU00X13115X8ON00,3,,,,,,1,,,,,,
FWU00X1311618ON00,,,,,,,,3,,,,,
FWU00X13116X8ON00,,,,,,,,3,,,,,
FWU00X13119X8ON00,,3,,,,,,6,,,,,
FWU00X131XXX8ON00,18,16,12,22,17,14,12,24,,,,,
FWU00X1320118ON00,7,,3,3,5,7,5,6,,,,,
FWU00X13201X8ON00,7,,3,3,5,7,5,6,,,,,
FWU00X1320218ON00,,,,,,,,1,,,,,
FWU00X13202X8ON00,,,,,,,,1,,,,,
FWU00X1320518ON00,,,1,,,1,,3,,,,,
FWU00X1320528ON00,,,1,,,,4,,,,,,
FWU00X13205X8ON00,,,2,,,5,4,5,,,,,
FWU00X1320728ON00,,,1,,1,,3,,,,,,
FWU00X13207X8ON00,,,1,,1,,3,,,,,,
FWU00X1320828ON00,,,1,,,,,,,,,,
FWU00X13208X8ON00,,,1,,,,,,,,,,
FWU00X13209X8ON00,2,2,2,,3,1,3,2,,,,,
FWU00X132XXX8ON00,12,6,9,6,14,13,17,14,,,,,
FWU00X13XXXX8ON00,30,22,21,28,31,27,29,38,,,,,
FWU00X1511118ON00,,,,1,,,,,,,,,
FWU00X15111X8ON00,,,,1,,,,,,,,,
FWU00X1511218ON00,1,,1,1,,3,4,3,,,,,
FWU00X1511228ON00,,,1,,,,,2,,,,,
FWU00X15112X8ON00,1,4,2,,,4,6,5,,,,,
FWU00X1511318ON00,,,,,2,1,,,,,,,
FWU00X1511328ON00,,,,,1,,,,,,,,
FWU00X1511338ON00,,,,5,,3,,3,,,,,
FWU00X15113X8ON00,,3,4,9,4,5,,4,,,,,
FWU00X1511418ON00,,,,1,,,,,,,,,
FWU00X1511438ON00,,,,,,,1,,,,,,
FWU00X15114X8ON00,,,,1,,3,1,,,,,,
FWU00X1511518ON00,,,,1,,,,,,,,,
FWU00X1511528ON00,,,3,,,4,,,,,,,
FWU00X15115X8ON00,,,4,,,4,,,,,,,
FWU00X15119X8ON00,,,1,,,,,3,,,,,
FWU00X1511XX8ON00,3,8,11,16,7,16,11,12,,,,,
FWU00X151XXX8ON00,,,11,16,7,16,,,,,,,
FWU00X1520318ON00,,,1,,,,,,,,,,
FWU00X15203X8ON00,,,1,,,,,,,,,,
FWU00X152XXX8ON00,,,1,,,,,,,,,,
FWU00X15XXXX8ON00,5,8,12,16,8,16,11,12,,,,,
FWU00X1710118ON00,3,,,,,1,,,,,,,
FWU00X17101X8ON00,3,,,,,1,,,,,,,
FWU00X1710228ON00,3,5,4,6,,13,5,6,,,,,
FWU00X17102X8ON00,3,5,4,6,,13,5,6,,,,,
FWU00X171XXX8ON00,6,5,5,7,,14,6,6,,,,,
FWU00X1720118ON00,,,,3,,,,,,,,,
FWU00X17201X8ON00,,,,3,,,,,,,,,
FWU00X1720318ON00,,,,,1,,,,,,,,
FWU00X17203X8ON00,,,,,1,,,,,,,,
FWU00X1720518ON00,9,4,7,4,11,3,3,3,,,,,
FWU00X17205X8ON00,9,4,7,4,11,3,3,3,,,,,
FWU00X1720618ON00,,,,1,,,,,,,,,
FWU00X17206X8ON00,,,,1,,,,,,,,,
FWU00X1720718ON00,,,3,,,1,2,3,,,,,
FWU00X17207X8ON00,4,4,4,,,1,2,4,,,,,
FWU00X1720818ON00,,1,,,,,,,,,,,
FWU00X17208X8ON00,,1,,,,,,,,,,,
FWU00X1721128ON00,1,,1,1,,,,,,,,,
FWU00X17211X8ON00,1,,1,,,,,,,,,,
FWU00X1721218ON00,,,,,1,,,,,,,,
FWU00X17212X8ON00,,,,,1,,,,,,,,
FWU00X1721318ON00,,,,,,,,2,,,,,
FWU00X17213X8ON00,,,,,,,,2,,,,,
FWU00X1721418ON00,4,4,4,4,4,5,,5,,,,,
FWU00X17214X8ON00,4,4,4,4,4,5,,5,,,,,
FWU00X1721518ON00,,,,,,3,2,1,,,,,
FWU00X17215X8ON00,,,,,,3,2,1,,,,,
FWU00X1721718ON00,,4,,3,,,,,,,,,
FWU00X17217X8ON00,,4,,3,,,,,,,,,
FWU00X17219X8ON00,1,,,,3,,,,,,,,
FWU00X172XXX8ON00,25,24,21,21,26,15,12,20,,,,,
FWU00X1730118ON00,,,,,,1,,,,,,,
FWU00X17301X8ON00,,,,,,2,,,,,,,
FWU00X1730238ON00,4,,3,,,,,,,,,,
FWU00X1730258ON00,,,,,1,,,,,,,,
FWU00X1730268ON00,,,,,,1,,,,,,,
FWU00X1730278ON00,,,,,1,,,,,,,,
FWU00X17302X8ON00,6,6,7,6,6,10,4,4,,,,,
FWU00X1730318ON00,,,,,3,,1,,,,,,
FWU00X17303X8ON00,,,,,3,,1,,,,,,
FWU00X173XXX8ON00,7,6,11,7,9,12,5,4,,,,,
FWU00X17XXXX8ON00,38,35,37,35,37,41,23,30,,,,,
FWU00X1910138ON00,3,,,,,,,,,,,,
FWU00X19101X8ON00,3,,,,,,,,,,,,
FWU00X1910228ON00,,,,1,,,,,,,,,
FWU00X1910238ON00,,,3,,,1,,1,,,,,
FWU00X19102X8ON00,,,4,1,3,1,,4,,,,,
FWU00X1910318ON00,,,,1,,,,,,,,,
FWU00X19103X8ON00,3,,,1,,,,3,,,,,
FWU00X1910428ON00,,,3,,1,1,1,,,,,,
FWU00X19104X8ON00,,,3,,1,1,1,,,,,,
FWU00X191XXX8ON00,7,5,9,6,8,6,3,9,,,,,
FWU00X1920318ON00,,1,3,,,3,,1,,,,,
FWU00X19203X8ON00,3,1,4,3,,3,,1,,,,,
FWU00X1920418ON00,,2,,,,,,,,,,,
FWU00X1920428ON00,,,,,,,1,,,,,,
FWU00X19204X8ON00,,3,,,,,3,,,,,,
FWU00X192XXX8ON00,5,5,5,3,,5,5,1,,,,,
FWU00X1930118ON00,,,,,,,,1,,,,,
FWU00X19301X8ON00,,,,,,,,1,,,,,
FWU00X1930318ON00,1,2,,,,,,2,,,,,
FWU00X19303X8ON00,1,2,,,,,,3,,,,,
FWU00X1930518ON00,,1,,,,,,,,,,,
FWU00X19305X8ON00,,1,,,,,,,,,,,
FWU00X1930948ON00,,,,,,1,,,,,,,
FWU00X19309X8ON00,,,,,,1,,,,,,,
FWU00X193XXX8ON00,,3,,,,1,,4,,,,,
FWU00X1940118ON00,,1,3,,,,,,,,,,
FWU00X19401X8ON00,,1,3,,,,,,,,,,
FWU00X1940218ON00,,,,,,,1,,,,,,
FWU00X19402X8ON00,,,,,,,1,,,,,,
FWU00X1940318ON00,,,4,,,,,,,,,,
FWU00X19403X8ON00,,,4,,,,,,,,,,
FWU00X1940418ON00,,4,,,,,,,,,,,
FWU00X19404X8ON00,,4,,,,,,,,,,,
FWU00X1940518ON00,1,,,,,,,,,,,,
FWU00X19405X8ON00,1,,,,,,,,,,,,
FWU00X1940918ON00,1,,,,,,,,,,,,
FWU00X1940928ON00,,,,1,,,,,,,,,
FWU00X1940938ON00,,1,,1,1,,,1,,,,,
FWU00X19409X8ON00,3,3,,5,,,,,,,,,
FWU00X194XXX8ON00,9,8,10,7,,3,5,4,,,,,
FWU00X19XXXX8ON00,23,21,25,18,11,15,13,18,,,,,
FWU00X2110118ON00,1,,,,3,,,,,,,,
FWU00X2110128ON00,,,,2,,1,3,,,,,,
FWU00X2110148ON00,,3,,,,,1,,,,,,
FWU00X21101X8ON00,3,9,,4,5,6,10,8,,,,,
FWU00X2110218ON00,4,,,4,,,4,4,,,,,
FWU00X2110228ON00,,1,,,,1,,,,,,,
FWU00X2110238ON00,,,,1,,1,1,2,,,,,
FWU00X21102X8ON00,7,7,4,8,4,5,8,7,,,,,
FWU00X2110928ON00,3,1,,,,3,1,,,,,,
FWU00X2110938ON00,1,,,2,,,5,,,,,,
FWU00X21109X8ON00,7,4,4,6,3,4,7,,,,,,
FWU00X211XXX8ON00,17,20,8,18,12,15,25,17,,,,,
FWU00X2120118ON00,5,13,10,13,12,7,9,3,,,,,
FWU00X21201X8ON00,5,13,10,13,12,7,9,3,,,,,
FWU00X2120218ON00,,,1,,,,2,,,,,,
FWU00X21202X8ON00,,,1,,,,2,,,,,,
FWU00X21209X8ON00,1,4,,,,4,,,,,,,
FWU00X212XXX8ON00,6,19,12,15,16,12,12,6,,,,,
FWU00X21XXXX8ON00,23,39,20,33,28,27,37,23,,,,,
FWU00X2310118ON00,14,8,12,6,11,12,9,10,,,,,
FWU00X23101X8ON00,14,8,12,6,11,12,9,10,,,,,
FWU00X2310238ON00,,,,,,,1,1,,,,,
FWU00X23102X8ON00,,,,,,,1,1,,,,,
FWU00X231XXX8ON00,14,8,13,6,11,12,10,11,,,,,
FWU00X2320118ON00,,,1,,,1,,,,,,,
FWU00X23201X8ON00,,,1,,,1,,,,,,,
FWU00X232XXX8ON00,,,3,,,1,,4,,,,,
FWU00X23XXXX8ON00,14,8,16,7,12,13,11,15,,,,,
FWU00X2510218ON00,1,,,,,,,,,,,,
FWU00X2510228ON00,,1,,,,,,,,,,,
FWU00X25102X8ON00,3,,,,,,,,,,,,
FWU00X2510548ON00,,,1,,,,,,,,,,
FWU00X25105X8ON00,,,1,,,,,,,,,,
FWU00X2510718ON00,,,1,,,,,,,,,,
FWU00X2510818ON00,,,,,,1,,,,,,,
FWU00X25108X8ON00,,,,,,1,,,,,,,
FWU00X2511238ON00,,,1,,1,,,,,,,,
FWU00X25112X8ON00,,,,,3,,,,,,,,
FWU00X2511938ON00,,,,,,,1,,,,,,
FWU00X2511948ON00,,,,,1,,,4,,,,,
FWU00X25119X8ON00,4,,,4,1,3,4,5,,,,,
FWU00X251XXX8ON00,9,,6,7,5,11,6,5,,,,,
FWU00X2520218ON00,5,4,,3,,,,5,,,,,
FWU00X2520228ON00,,,,,,,,3,,,,,
FWU00X25202X8ON00,5,5,3,5,,,,8,,,,,
FWU00X2520318ON00,5,5,2,,,1,2,2,,,,,
FWU00X2520328ON00,1,,,,,,,,,,,,
FWU00X25203X8ON00,6,5,2,,3,1,2,2,,,,,
FWU00X2520518ON00,,,,,,1,,,,,,,
FWU00X2520528ON00,,1,,,,,,,,,,,
FWU00X2520548ON00,,,,1,,1,,,,,,,
FWU00X25205X8ON00,4,1,,1,,3,3,,,,,,
FWU00X252XXX8ON00,15,11,6,7,5,6,7,12,,,,,
FWU00X2530218ON00,7,7,3,5,5,8,8,4,,,,,
FWU00X25302X8ON00,7,7,3,5,5,8,8,4,,,,,
FWU00X25309X8ON00,,,,1,1,,,,,,,,
FWU00X253XXX8ON00,8,7,5,6,6,10,9,6,,,,,
FWU00X2540218ON00,,1,1,3,,3,4,,,,,,
FWU00X25402X8ON00,,1,1,3,,3,4,,,,,,
FWU00X2540318ON00,1,,,,,,,,,,,,
FWU00X25403X8ON00,1,,,,,,,,,,,,
FWU00X254XXX8ON00,1,,,3,,3,6,,,,,,
FWU00X2590418ON00,4,3,,3,1,,,3,,,,,
FWU00X25904X8ON00,4,3,,3,1,,,3,,,,,
FWU00X259XXX8ON00,4,3,,4,,,,3,,,,,
FWU00X25XXXX8ON00,37,25,20,27,19,32,30,27,,,,,
FWU00X2710128ON00,,,,1,1,,,,,,,,
FWU00X2710138ON00,1,,,,3,,1,,,,,,
FWU00X27101X8ON00,3,4,3,3,4,5,2,,,,,,
FWU00X2710218ON00,,,,,,,,1,,,,,
FWU00X2710238ON00,,1,,,,,1,3,,,,,
FWU00X2710248ON00,,,1,1,,,,3,,,,,
FWU00X2710258ON00,,,,,4,1,1,,,,,,
FWU00X2710268ON00,,,,,,,,1,,,,,
FWU00X27102X8ON00,6,4,3,,5,1,5,11,,,,,
FWU00X271XXX8ON00,9,8,6,5,9,6,7,14,,,,,
FWU00X2720118ON00,,,,1,2,,1,,,,,,
FWU00X2720128ON00,4,,,,,,1,1,,,,,
FWU00X27201X8ON00,5,,,1,3,,2,3,,,,,
FWU00X2720218ON00,14,21,12,11,16,21,19,20,,,,,
FWU00X2720228ON00,6,,5,3,7,7,4,2,,,,,
FWU00X2720238ON00,,,3,5,,1,1,,,,,,
FWU00X27202X8ON00,23,23,20,19,23,29,24,22,,,,,
FWU00X2720318ON00,,,1,1,,,,,,,,,
FWU00X27203X8ON00,,,1,1,,,,,,,,,
FWU00X2720418ON00,,,,,1,,,,,,,,
FWU00X2720428ON00,3,,5,,10,10,4,6,,,,,
FWU00X27204X8ON00,3,,5,,11,10,4,6,,,,,
FWU00X27209X8ON00,4,,7,5,6,,,5,,,,,
FWU00X272XXX8ON00,35,27,34,26,44,44,32,37,,,,,
FWU00X2730118ON00,,,,,1,2,,,,,,,
FWU00X2730128ON00,,,,,,3,,,,,,,
FWU00X27301X8ON00,,,,,1,5,,,,,,,
FWU00X2730228ON00,,,,,4,,,3,,,,,
FWU00X27302X8ON00,,,,,4,,,3,,,,,
FWU00X2730318ON00,,,,2,,,,,,,,,
FWU00X27303X8ON00,,,,2,,,,,,,,,
FWU00X2730418ON00,,,,,,1,,2,,,,,
FWU00X2730438ON00,,1,,,,,,,,,,,
FWU00X27304X8ON00,,1,,,,1,,2,,,,,
FWU00X2730918ON00,,,,1,,,,,,,,,
FWU00X27309X8ON00,,,,1,,,,1,,,,,
FWU00X273XXX8ON00,4,3,3,4,8,8,,7,,,,,
FWU00X2740118ON00,,,1,3,,,1,,,,,,
FWU00X2740128ON00,,,,,,,,1,,,,,
FWU00X2740138ON00,,,,1,,,1,,,,,,
FWU00X2740148ON00,,,,1,1,,,1,,,,,
FWU00X27401X8ON00,,,,5,3,4,4,4,,,,,
FWU00X2740218ON00,4,5,3,4,1,,,8,,,,,
FWU00X27402X8ON00,4,5,3,4,1,,,8,,,,,
FWU00X2740318ON00,,,4,3,,,1,,,,,,
FWU00X27403X8ON00,,,4,3,,,1,,,,,,
FWU00X274XXX8ON00,4,5,9,12,4,6,7,13,,,,,
FWU00X27XXXX8ON00,52,43,52,47,65,64,47,71,,,,,
FWU00X2910118ON00,,,,,1,3,,1,,,,,
FWU00X29101X8ON00,,,,,1,3,,1,,,,,
FWU00X2910218ON00,4,,,,3,1,,,,,,,
FWU00X2910228ON00,,,,1,,,,,,,,,
FWU00X29102X8ON00,5,,,1,4,,,,,,,,
FWU00X2910418ON00,1,,,,,,,,,,,,
FWU00X29104X8ON00,1,,,,,,,,,,,,
FWU00X2910518ON00,3,2,,3,,,1,2,,,,,
FWU00X29105X8ON00,3,2,,3,,,1,2,,,,,
FWU00X2910618ON00,,,,,1,2,,,,,,,
FWU00X2910628ON00,1,,2,1,,,1,,,,,,
FWU00X2910648ON00,,,,,1,,,,,,,,
FWU00X2910668ON00,,,,,1,1,1,,,,,,
FWU00X2910678ON00,3,,,,,1,,,,,,,
FWU00X29106X8ON00,11,6,12,7,11,6,12,6,,,,,
FWU00X2911228ON00,,,,,,,,1,,,,,
FWU00X2911238ON00,,,,1,,,,,,,,,
FWU00X2911268ON00,,1,1,,,,,,,,,,
FWU00X29112X8ON00,3,4,5,3,,,,5,,,,,
FWU00X2911318ON00,1,,,,4,,4,4,,,,,
FWU00X29113X8ON00,1,,,,4,,4,4,,,,,
FWU00X2911418ON00,12,9,15,12,16,9,14,13,,,,,
FWU00X29114X8ON00,12,9,15,12,16,9,14,13,,,,,
FWU00X2911518ON00,,,1,1,,,,,,,,,
FWU00X29115X8ON00,,,1,1,,,,,,,,,
FWU00X29119X8ON00,,,,,,,1,,,,,,
FWU00X291XXX8ON00,38,28,37,31,36,24,35,35,,,,,
FWU00X2920118ON00,,,,1,,,,,,,,,
FWU00X2920128ON00,,,1,,,,,,,,,,
FWU00X29201X8ON00,,,1,3,,,,,,,,,
FWU00X2920328ON00,,,2,,1,,,,,,,,
FWU00X29203X8ON00,,,2,,1,5,,,,,,,
FWU00X2920418ON00,8,10,10,10,14,10,12,16,,,,,
FWU00X29204X8ON00,8,10,10,10,14,10,12,16,,,,,
FWU00X2920518ON00,,,,,1,,,,,,,,
FWU00X2920528ON00,,,,,,,,1,,,,,
FWU00X2920538ON00,,,,,1,,,,,,,,
FWU00X2920568ON00,,,,1,,4,,,,,,,
FWU00X2920578ON00,,,,,,,,1,,,,,
FWU00X29205X8ON00,3,3,3,1,5,8,,6,,,,,
FWU00X2920618ON00,3,,,1,1,5,3,4,,,,,
FWU00X29206X8ON00,3,,,1,1,5,3,4,,,,,
FWU00X2920818ON00,,,,,,,1,,,,,,
FWU00X29208X8ON00,,,,,,,1,,,,,,
FWU00X292XXX8ON00,16,17,19,18,23,31,19,29,,,,,
FWU00X2990118ON00,1,,3,3,15,3,1,,,,,,
FWU00X2990128ON00,,,,,,1,1,,,,,,
FWU00X29901X8ON00,1,3,4,3,15,4,2,,,,,,
FWU00X2990918ON00,,,,,,,1,,,,,,
FWU00X29909X8ON00,,,,,,,1,,,,,,
FWU00X299XXX8ON00,1,3,4,4,15,5,3,,,,,,
FWU00X29XXXX8ON00,55,48,60,53,74,60,57,65,,,,,
FWU00X3110118ON00,9,5,10,6,10,15,12,12,,,,,
FWU00X3110138ON00,1,,,,,,,,,,,,
FWU00X3110148ON00,8,3,,3,4,8,8,12,,,,,
FWU00X31101X8ON00,18,8,14,9,16,23,21,24,,,,,
FWU00X311XXX8ON00,18,8,14,9,16,23,21,24,,,,,
FWU00X3120118ON00,,,,,,,,1,,,,,
FWU00X31201X8ON00,,,,,,,,1,,,,,
FWU00X312XXX8ON00,,,,,,,,1,,,,,
FWU00X3190118ON00,,,,,,,,1,,,,,
FWU00X31901X8ON00,,,,,,,,1,,,,,
FWU00X3190938ON00,,,,3,1,,,,,,,,
FWU00X3190978ON00,,,1,,,,,3,,,,,
FWU00X31909X8ON00,4,,4,5,6,6,5,6,,,,,
FWU00X319XXX8ON00,4,4,4,5,6,7,7,7,,,,,
FWU00X31XXXX8ON00,23,12,18,14,23,30,28,32,,,,,
FWU00X3310118ON00,1,2,1,,,1,4,,,,,,
FWU00X3310128ON00,15,4,9,6,6,18,18,11,,,,,
FWU00X33101X8ON00,16,6,10,6,6,19,22,11,,,,,
FWU00X3310218ON00,6,13,19,12,5,10,9,14,,,,,
FWU00X33102X8ON00,6,13,19,12,5,10,9,14,,,,,
FWU00X33109X8ON00,3,,1,,,,3,4,,,,,
FWU00X331XXX8ON00,25,19,30,20,13,30,34,29,,,,,
FWU00X3320118ON00,28,18,53,23,29,35,34,32,,,,,
FWU00X33201X8ON00,28,18,53,23,29,35,34,32,,,,,
FWU00X33202X8ON00,,,,3,,,,,,,,,
FWU00X332XXX8ON00,31,19,53,26,30,35,35,33,,,,,
FWU00X3330118ON00,,,,1,,2,,,,,,,
FWU00X3330128ON00,9,8,6,,8,8,13,11,,,,,
FWU00X33301X8ON00,9,9,8,3,9,10,13,11,,,,,
FWU00X3330218ON00,6,6,8,4,8,7,9,6,,,,,
FWU00X33302X8ON00,6,6,8,4,8,7,9,6,,,,,
FWU00X3330318ON00,,,,,,1,,,,,,,
FWU00X33303X8ON00,,,,,,1,,,,,,,
FWU00X3330518ON00,130,105,79,97,85,108,95,108,,,,,
FWU00X33305X8ON00,130,105,79,98,85,109,95,108,,,,,
FWU00X333XXX8ON00,149,121,97,106,102,127,117,127,,,,,
FWU00X3390118ON00,,,,1,1,1,,,,,,,
FWU00X33901X8ON00,,,,1,1,1,,,,,,,
FWU00X3390218ON00,1,,,,,,,1,,,,,
FWU00X33902X8ON00,1,,,,,,,1,,,,,
FWU00X3390328ON00,64,51,58,40,55,54,63,58,,,,,
FWU00X33903X8ON00,64,51,58,40,56,54,63,58,,,,,
FWU00X3390918ON00,7,12,7,10,6,24,9,14,,,,,
FWU00X3390928ON00,,,,4,,9,3,,,,,,
FWU00X3390938ON00,,,1,,,,,,,,,,
FWU00X33909X8ON00,10,18,11,18,11,34,15,21,,,,,
FWU00X339XXX8ON00,77,72,69,61,68,89,80,81,,,,,
FWU00X33XXXX8ON00,282,231,249,213,213,281,266,270,,,,,
FWU00X3510118ON00,3,4,8,8,5,4,12,7,,,,,
FWU00X3510128ON00,9,10,15,11,12,17,26,15,,,,,
FWU00X35101X8ON00,12,14,23,19,17,21,38,22,,,,,
FWU00X351XXX8ON00,12,14,23,19,17,21,38,22,,,,,
FWU00X3520118ON00,,,6,,,7,,3,,,,,
FWU00X3520128ON00,3,,3,,,,,9,,,,,
FWU00X3520148ON00,4,9,9,6,5,10,15,16,,,,,
FWU00X35201X8ON00,9,10,23,12,9,20,19,32,,,,,
FWU00X3520218ON00,3,5,4,3,3,8,7,9,,,,,
FWU00X35202X8ON00,3,5,4,3,3,8,7,9,,,,,
FWU00X352XXX8ON00,12,15,27,15,12,28,26,41,,,,,
FWU00X3530118ON00,5,3,3,5,4,6,5,8,,,,,
FWU00X35301X8ON00,5,3,3,5,4,6,5,8,,,,,
FWU00X3530218ON00,4,8,3,4,6,13,6,11,,,,,
FWU00X3530228ON00,,2,,1,1,,1,2,,,,,
FWU00X35302X8ON00,4,10,4,5,7,15,7,13,,,,,
FWU00X3530318ON00,13,8,8,3,11,11,6,9,,,,,
FWU00X35303X8ON00,13,8,8,3,11,11,6,9,,,,,
FWU00X3530418ON00,,,,,,3,,,,,,,
FWU00X35304X8ON00,,,,,,3,,,,,,,
FWU00X353XXX8ON00,22,22,15,13,22,35,18,30,,,,,
FWU00X3590118ON00,,3,,3,,3,,,,,,,
FWU00X35901X8ON00,,3,,3,,3,,,,,,,
FWU00X3590218ON00,,,,3,,,3,,,,,,
FWU00X35902X8ON00,,,,3,,,3,,,,,,
FWU00X35909X8ON00,,,,,2,1,3,2,,,,,
FWU00X359XXX8ON00,,6,3,8,5,8,7,7,,,,,
FWU00X35XXXX8ON00,47,57,68,55,56,92,89,100,,,,,
FWU00X3710118ON00,5,3,3,5,9,8,14,11,,,,,
FWU00X3710128ON00,28,40,39,33,38,30,53,48,,,,,
FWU00X37101X8ON00,33,43,42,38,47,38,67,59,,,,,
FWU00X371XXX8ON00,33,43,42,38,47,38,67,59,,,,,
FWU00X3720118ON00,42,32,39,46,38,46,52,48,,,,,
FWU00X3720128ON00,7,13,5,6,10,13,5,10,,,,,
FWU00X37201X8ON00,50,48,50,54,52,64,60,61,,,,,
FWU00X3720218ON00,3,5,6,,7,10,8,5,,,,,
FWU00X37202X8ON00,3,5,6,,7,10,8,5,,,,,
FWU00X372XXX8ON00,53,53,56,56,59,74,68,66,,,,,
FWU00X3730118ON00,97,82,78,88,111,125,109,142,,,,,
FWU00X3730128ON00,3,,,,,3,3,1,,,,,
FWU00X3730138ON00,83,71,71,68,66,84,78,77,,,,,
FWU00X37301X8ON00,183,159,151,158,183,217,191,225,,,,,
FWU00X373XXX8ON00,183,159,151,158,183,217,191,225,,,,,
FWU00X37XXXX8ON00,269,255,249,252,289,329,326,350,,,,,
FWU00X3910218ON00,5,10,5,6,8,1,4,3,,,,,
FWU00X39102X8ON00,5,10,5,6,8,1,4,3,,,,,
FWU00X391XXX8ON00,5,10,5,6,8,1,4,3,,,,,
FWU00X3920118ON00,8,5,4,7,4,4,4,5,,,,,
FWU00X39201X8ON00,8,5,4,7,4,4,4,5,,,,,
FWU00X3920218ON00,6,6,4,5,3,8,5,7,,,,,
FWU00X39202X8ON00,6,6,4,5,3,8,5,7,,,,,
FWU00X392XXX8ON00,14,11,8,12,7,12,9,12,,,,,
FWU00X3930318ON00,3,1,,,,,,,,,,,
FWU00X39303X8ON00,3,1,,,,,,,,,,,
FWU00X3930918ON00,13,4,3,5,4,9,8,4,,,,,
FWU00X39309X8ON00,14,4,3,5,4,9,8,4,,,,,
FWU00X393XXX8ON00,18,6,3,6,5,11,11,7,,,,,
FWU00X3940218ON00,,,,,3,,,,,,,,
FWU00X39402X8ON00,,,,,3,,,,,,,,
FWU00X3940318ON00,,1,1,,,,4,3,,,,,
FWU00X39403X8ON00,,1,1,,,,4,3,,,,,
FWU00X394XXX8ON00,,,3,,4,,6,4,,,,,
FWU00X3950118ON00,8,2,8,5,10,6,6,2,,,,,
FWU00X3950128ON00,5,4,,3,2,4,,,,,,,
FWU00X39501X8ON00,13,6,8,8,12,10,8,4,,,,,
FWU00X3950928ON00,1,,,1,,,,,,,,,
FWU00X39509X8ON00,1,,,1,,,,,,,,,
FWU00X395XXX8ON00,14,7,10,9,12,11,8,6,,,,,
FWU00X3970118ON00,,4,,6,,3,3,6,,,,,
FWU00X3970128ON00,,,,3,,2,,1,,,,,
FWU00X39701X8ON00,4,4,,9,,5,3,7,,,,,
FWU00X397XXX8ON00,4,4,,9,,5,3,7,,,,,
FWU00X3990118ON00,4,3,4,4,4,,3,,,,,,
FWU00X39901X8ON00,4,3,4,4,4,,3,,,,,,
FWU00X3990218ON00,4,11,5,5,4,4,12,10,,,,,
FWU00X39902X8ON00,4,11,5,5,4,4,12,10,,,,,
FWU00X3990318ON00,,,,,1,,2,2,,,,,
FWU00X3990328ON00,5,6,7,3,4,6,9,7,,,,,
FWU00X39903X8ON00,6,7,7,4,5,7,11,9,,,,,
FWU00X3990418ON00,,1,,,,3,,,,,,,
FWU00X39904X8ON00,,1,,,,3,,,,,,,
FWU00X39909X8ON00,,,,6,,,,3,,,,,
FWU00X399XXX8ON00,14,23,17,21,14,14,27,23,,,,,
FWU00X39XXXX8ON00,71,65,48,63,51,55,69,63,,,,,
FWU00X4110118ON00,104,98,84,89,80,89,79,79,,,,,
FWU00X4110128ON00,23,14,20,35,21,15,19,23,,,,,
FWU00X41101X8ON00,127,112,104,124,101,104,98,102,,,,,
FWU00X411XXX8ON00,127,112,104,124,101,104,98,102,,,,,
FWU00X4120118ON00,34,34,33,35,44,62,42,47,,,,,
FWU00X4120128ON00,,,1,,,,,,,,,,
FWU00X41201X8ON00,34,34,34,35,44,63,42,47,,,,,
FWU00X4120218ON00,3,,,,,4,,,,,,,
FWU00X4120228ON00,,,1,4,3,,3,5,,,,,
FWU00X41202X8ON00,3,3,,5,4,6,4,6,,,,,
FWU00X4120318ON00,26,28,32,38,34,33,43,46,,,,,
FWU00X41203X8ON00,26,28,32,38,34,33,43,46,,,,,
FWU00X412XXX8ON00,63,65,68,78,82,102,89,99,,,,,
FWU00X4130118ON00,,4,,,,,,,,,,,
FWU00X41301X8ON00,,4,,,,,,,,,,,
FWU00X4130218ON00,3,,,8,4,,2,4,,,,,
FWU00X41302X8ON00,3,,,8,4,,2,4,,,,,
FWU00X4130318ON00,3,,,,,1,,,,,,,
FWU00X41303X8ON00,3,,,,,1,,,,,,,
FWU00X4130418ON00,,,,,,,1,,,,,,
FWU00X41304X8ON00,,,,,,,1,,,,,,
FWU00X41309X8ON00,4,3,,5,,4,8,5,,,,,
FWU00X413XXX8ON00,11,10,5,17,8,7,13,10,,,,,
FWU00X4140118ON00,3,5,6,6,8,8,,,,,,,
FWU00X4140128ON00,12,10,19,5,8,12,7,9,,,,,
FWU00X41401X8ON00,15,15,25,11,16,20,9,11,,,,,
FWU00X414XXX8ON00,15,15,25,11,16,20,9,11,,,,,
FWU00X4190128ON00,,,,,1,,,,,,,,
FWU00X41901X8ON00,,,,,1,,,,,,,,
FWU00X4190218ON00,,,2,,,,6,,,,,,
FWU00X4190228ON00,,3,,6,4,8,,6,,,,,
FWU00X41902X8ON00,4,4,4,6,6,8,8,8,,,,,
FWU00X4190318ON00,,,,,,,3,2,,,,,
FWU00X41903X8ON00,,,,,,,3,2,,,,,
FWU00X4190918ON00,10,10,7,1,5,6,,2,,,,,
FWU00X41909X8ON00,19,18,12,3,11,12,11,9,,,,,
FWU00X419XXX8ON00,24,23,18,9,21,21,23,19,,,,,
FWU00X41XXXX8ON00,240,225,220,239,228,254,232,241,,,,,
FWU00X4310118ON00,3,,6,7,6,8,6,8,,,,,
FWU00X43101X8ON00,3,,6,7,6,8,6,8,,,,,
FWU00X431XXX8ON00,3,,6,7,6,8,6,8,,,,,
FWU00X4330118ON00,1,1,,,3,,,2,,,,,
FWU00X43301X8ON00,1,1,,,3,,,2,,,,,
FWU00X4330218ON00,,,,,,,,1,,,,,
FWU00X43302X8ON00,,,,,,,,1,,,,,
FWU00X4330318ON00,,6,,3,3,1,,,,,,,
FWU00X43303X8ON00,,6,,3,3,1,,,,,,,
FWU00X4330618ON00,,1,,,,,,,,,,,
FWU00X43306X8ON00,,1,,,,,,,,,,,
FWU00X4330718ON00,,,,3,,,3,,,,,,
FWU00X43307X8ON00,,,,3,,,3,,,,,,
FWU00X43309X8ON00,,1,2,,,,1,,,,,,
FWU00X433XXX8ON00,5,9,8,11,8,5,6,4,,,,,
FWU00X4340318ON00,,,,,,2,,,,,,,
FWU00X43403X8ON00,,,,,,2,,,,,,,
FWU00X4340518ON00,,3,5,5,3,5,6,,,,,,
FWU00X43405X8ON00,,3,5,5,3,5,6,,,,,,
FWU00X4340618ON00,,,,1,,,,,,,,,
FWU00X43406X8ON00,,,,1,,,,,,,,,
FWU00X4340718ON00,3,,,,,,,,,,,,
FWU00X43407X8ON00,3,,,,,,,,,,,,
FWU00X4340818ON00,3,7,1,,,,4,3,,,,,
FWU00X43408X8ON00,3,7,1,,,,4,3,,,,,
FWU00X4341118ON00,,,,,,,,1,,,,,
FWU00X43411X8ON00,,,,,,,,1,,,,,
FWU00X4341218ON00,,,,1,,,1,,,,,,
FWU00X43412X8ON00,,,,1,,,1,,,,,,
FWU00X4341718ON00,,4,,,3,3,2,3,,,,,
FWU00X43417X8ON00,,4,,,3,3,2,3,,,,,
FWU00X43419X8ON00,,,,,,1,,,,,,,
FWU00X434XXX8ON00,10,17,8,15,12,14,17,10,,,,,
FWU00X4350118ON00,,,,3,1,1,2,,,,,,
FWU00X43501X8ON00,,,,3,1,1,2,,,,,,
FWU00X4350218ON00,10,6,8,8,7,3,6,5,,,,,
FWU00X43502X8ON00,10,6,8,8,7,3,6,5,,,,,
FWU00X4350328ON00,,1,3,3,3,5,,,,,,,
FWU00X43503X8ON00,,1,3,3,4,6,,,,,,,
FWU00X4350418ON00,,,,,,4,,,,,,,
FWU00X43504X8ON00,,,,,,4,,,,,,,
FWU00X4350518ON00,,,,,,3,,2,,,,,
FWU00X4350528ON00,16,19,18,12,15,10,17,12,,,,,
FWU00X43505X8ON00,16,19,19,14,16,13,18,14,,,,,
FWU00X4350618ON00,,,,,,1,,,,,,,
FWU00X43506X8ON00,,,,,,1,,,,,,,
FWU00X4350718ON00,5,3,3,3,,3,8,4,,,,,
FWU00X43507X8ON00,5,3,3,3,,3,8,4,,,,,
FWU00X4350818ON00,14,14,8,19,22,11,19,15,,,,,
FWU00X43508X8ON00,14,14,8,19,22,11,19,15,,,,,
FWU00X4351118ON00,,,,1,,1,,,,,,,
FWU00X43511X8ON00,,,,1,,1,,,,,,,
FWU00X435XXX8ON00,54,48,43,51,53,43,56,44,,,,,
FWU00X4360118ON00,,,,,,1,,,,,,,
FWU00X4360128ON00,,,,,,,1,,,,,,
FWU00X4360138ON00,1,,1,,,,,,,,,,
FWU00X4360148ON00,3,6,3,7,1,4,6,,,,,,
FWU00X43601X8ON00,4,7,4,9,3,5,8,,,,,,
FWU00X436XXX8ON00,4,7,4,9,3,5,8,,,,,,
FWU00X4390418ON00,1,,1,,,1,,,,,,,
FWU00X43904X8ON00,1,,1,,,1,,,,,,,
FWU00X4390618ON00,11,5,3,6,,,6,,,,,,
FWU00X43906X8ON00,11,5,3,6,,,6,,,,,,
FWU00X43919X8ON00,1,,,,,,,,,,,,
FWU00X439XXX8ON00,14,6,5,7,4,3,8,,,,,,
FWU00X43XXXX8ON00,91,89,75,100,86,78,101,69,,,,,
FWU00X4510118ON00,15,8,14,11,10,12,11,16,,,,,
FWU00X45101X8ON00,15,8,14,11,10,12,11,16,,,,,
FWU00X451XXX8ON00,15,8,14,11,10,12,11,16,,,,,
FWU00X4520118ON00,2,,,,,,,,,,,,
FWU00X45201X8ON00,2,,,,,,,,,,,,
FWU00X4520218ON00,,4,,,1,,,,,,,,
FWU00X45202X8ON00,,4,,,1,,,,,,,,
FWU00X4520418ON00,,,,,3,,,1,,,,,
FWU00X45204X8ON00,,,,,3,,,1,,,,,
FWU00X4520918ON00,11,10,5,9,11,14,17,8,,,,,
FWU00X4520928ON00,78,80,72,80,106,78,85,78,,,,,
FWU00X4520938ON00,42,54,47,57,55,61,52,60,,,,,
FWU00X45209X8ON00,133,146,125,146,174,156,154,157,,,,,
FWU00X452XXX8ON00,136,152,128,148,180,157,155,158,,,,,
FWU00X4530118ON00,42,33,27,22,23,24,41,30,,,,,
FWU00X45301X8ON00,42,33,27,22,23,24,41,30,,,,,
FWU00X4530218ON00,,2,1,,,,,1,,,,,
FWU00X45302X8ON00,,2,1,,,,,1,,,,,
FWU00X453XXX8ON00,42,35,28,22,25,26,41,31,,,,,
FWU00X4540118ON00,3,,3,,2,,,,,,,,
FWU00X45401X8ON00,3,,3,,2,,,,,,,,
FWU00X4540218ON00,55,52,52,66,50,70,40,42,,,,,
FWU00X4540228ON00,5,,4,3,12,12,6,7,,,,,
FWU00X45402X8ON00,65,63,59,78,67,91,55,56,,,,,
FWU00X454XXX8ON00,68,65,62,78,69,95,57,57,,,,,
FWU00X45XXXX8ON00,261,260,232,259,284,290,264,262,,,,,
FWU00X4710118ON00,106,121,122,130,123,134,121,144,,,,,
FWU00X47101X8ON00,106,121,122,130,123,134,121,144,,,,,
FWU00X471XXX8ON00,106,121,122,130,123,134,121,144,,,,,
FWU00X4720118ON00,,,,,3,4,,1,,,,,
FWU00X47201X8ON00,,,,,3,4,,1,,,,,
FWU00X4720218ON00,7,10,8,10,15,10,13,19,,,,,
FWU00X4720228ON00,,,,5,3,2,,,,,,,
FWU00X47202X8ON00,8,12,8,15,18,12,15,21,,,,,
FWU00X4720318ON00,44,56,77,59,83,99,101,86,,,,,
FWU00X47203X8ON00,44,56,77,59,83,99,101,86,,,,,
FWU00X4720418ON00,,1,,4,1,4,,,,,,,
FWU00X4720428ON00,,,,,1,,,,,,,,
FWU00X4720438ON00,,,,,,,1,1,,,,,
FWU00X4720448ON00,,,,,,3,3,2,,,,,
FWU00X47204X8ON00,3,4,,6,3,8,7,7,,,,,
FWU00X4720518ON00,3,8,4,8,8,12,6,11,,,,,
FWU00X47205X8ON00,3,8,5,10,8,12,6,11,,,,,
FWU00X4720618ON00,191,214,220,208,235,254,259,259,,,,,
FWU00X47206X8ON00,191,214,220,208,235,254,259,259,,,,,
FWU00X4720718ON00,6,4,7,8,4,6,12,11,,,,,
FWU00X4720728ON00,,,,,,,,1,,,,,
FWU00X4720738ON00,47,45,25,28,42,39,45,39,,,,,
FWU00X47207X8ON00,53,50,32,38,46,46,59,51,,,,,
FWU00X4720818ON00,8,9,9,10,13,5,10,12,,,,,
FWU00X47208X8ON00,8,9,11,11,13,6,10,13,,,,,
FWU00X4721118ON00,62,69,64,79,83,79,74,80,,,,,
FWU00X47211X8ON00,62,69,64,79,83,79,74,80,,,,,
FWU00X4721218ON00,,,,3,6,,3,,,,,,
FWU00X47212X8ON00,,,,3,6,,3,,,,,,
FWU00X4721318ON00,3,,2,5,,5,4,8,,,,,
FWU00X4721328ON00,,,1,,,1,,,,,,,
FWU00X47213X8ON00,5,3,3,7,,6,4,10,,,,,
FWU00X4721418ON00,34,34,40,46,39,50,44,29,,,,,
FWU00X4721428ON00,,6,,3,3,2,,,,,,,
FWU00X47214X8ON00,35,40,42,49,42,52,45,31,,,,,
FWU00X4721518ON00,9,6,12,6,3,6,4,7,,,,,
FWU00X4721528ON00,18,29,26,26,43,18,39,30,,,,,
FWU00X47215X8ON00,27,35,38,32,46,24,43,37,,,,,
FWU00X4721618ON00,5,,,3,3,,,,,,,,
FWU00X47216X8ON00,5,,,3,3,,,,,,,,
FWU00X4721718ON00,,,,,5,6,3,1,,,,,
FWU00X47217X8ON00,,,,,5,6,3,1,,,,,
FWU00X4721818ON00,60,73,72,83,75,101,91,96,,,,,
FWU00X47218X8ON00,60,73,72,83,75,101,91,96,,,,,
FWU00X4722118ON00,7,5,7,4,5,6,8,5,,,,,
FWU00X47221X8ON00,7,5,7,4,5,6,8,5,,,,,
FWU00X4722218ON00,18,22,11,15,17,16,14,15,,,,,
FWU00X47222X8ON00,18,22,11,15,17,16,14,15,,,,,
FWU00X4722318ON00,,,,,1,,,4,,,,,
FWU00X47223X8ON00,,,,,1,,,4,,,,,
FWU00X472XXX8ON00,533,604,595,625,694,736,747,731,,,,,
FWU00X4730128ON00,,,,1,,,,,,,,,
FWU00X4730138ON00,4,,3,3,4,3,,,,,,,
FWU00X4730158ON00,3,,,,,,,,,,,,
FWU00X4730168ON00,,,,,,5,,3,,,,,
FWU00X47301X8ON00,15,4,8,9,10,14,11,11,,,,,
FWU00X473XXX8ON00,15,4,8,9,10,14,11,11,,,,,
FWU00X4740118ON00,10,4,7,6,5,9,10,10,,,,,
FWU00X47401X8ON00,10,4,7,6,5,9,10,10,,,,,
FWU00X4740218ON00,4,6,5,5,6,6,,8,,,,,
FWU00X47402X8ON00,4,6,5,5,6,6,,8,,,,,
FWU00X4740318ON00,,,,5,,4,,4,,,,,
FWU00X47403X8ON00,,,,5,,4,,4,,,,,
FWU00X4740418ON00,,5,,,4,4,5,,,,,,
FWU00X47404X8ON00,,5,,,4,4,5,,,,,,
FWU00X4740518ON00,28,30,13,22,24,12,19,14,,,,,
FWU00X47405X8ON00,28,30,13,22,24,12,19,14,,,,,
FWU00X4740618ON00,3,6,3,,4,5,3,5,,,,,
FWU00X47406X8ON00,3,6,3,,4,5,3,5,,,,,
FWU00X4740718ON00,5,1,5,7,5,3,,4,,,,,
FWU00X47407X8ON00,5,1,5,7,5,3,,4,,,,,
FWU00X47409X8ON00,,,3,,,,3,6,,,,,
FWU00X474XXX8ON00,52,54,38,50,52,45,45,53,,,,,
FWU00X4750118ON00,7,11,7,10,,3,,7,,,,,
FWU00X4750128ON00,11,11,10,10,7,,3,7,,,,,
FWU00X4750138ON00,,4,4,6,4,3,5,6,,,,,
FWU00X47501X8ON00,20,26,21,26,13,8,10,20,,,,,
FWU00X4750218ON00,8,7,,,,4,3,10,,,,,
FWU00X47502X8ON00,8,7,,,,4,3,10,,,,,
FWU00X4750318ON00,7,,,,2,,,1,,,,,
FWU00X47503X8ON00,7,,,,2,,,1,,,,,
FWU00X4750418ON00,,3,4,2,1,3,1,1,,,,,
FWU00X4750428ON00,,,,,,,,3,,,,,
FWU00X47504X8ON00,7,7,16,7,6,6,7,9,,,,,
FWU00X4750518ON00,1,,,,,,,,,,,,
FWU00X47505X8ON00,1,,,,,,,,,,,,
FWU00X4750618ON00,,1,1,3,,,,,,,,,
FWU00X47506X8ON00,,1,1,3,,,,,,,,,
FWU00X4750718ON00,13,24,18,25,11,8,13,15,,,,,
FWU00X47507X8ON00,13,24,18,25,11,8,13,15,,,,,
FWU00X4750818ON00,6,3,3,3,,,,4,,,,,
FWU00X47508X8ON00,6,3,3,3,,,,4,,,,,
FWU00X47509X8ON00,30,19,18,22,9,12,5,5,,,,,
FWU00X475XXX8ON00,92,87,82,88,45,41,41,64,,,,,
FWU00X47XXXX8ON00,798,870,845,902,924,970,965,1003,,,,,
FWU00X4910118ON00,18,33,32,38,36,44,35,46,,,,,
FWU00X49101X8ON00,18,33,32,38,36,44,35,46,,,,,
FWU00X491XXX8ON00,18,33,32,38,36,44,35,46,,,,,
FWU00X4920118ON00,3,,,6,,,,,,,,,
FWU00X49201X8ON00,3,,,6,,,,,,,,,
FWU00X4920218ON00,6,,10,8,4,7,2,4,,,,,
FWU00X4920228ON00,3,4,4,3,4,5,7,5,,,,,
FWU00X49202X8ON00,9,6,14,11,8,12,9,9,,,,,
FWU00X4920928ON00,,3,,,,,1,,,,,,
FWU00X4920938ON00,,,,,,1,,,,,,,
FWU00X4920948ON00,,1,,,3,,6,,,,,,
FWU00X4920958ON00,1,,,,,1,,3,,,,,
FWU00X4920968ON00,,,,,,,1,,,,,,
FWU00X4920978ON00,4,4,5,,3,4,4,,,,,,
FWU00X4920988ON00,,4,,,8,3,4,9,,,,,
FWU00X49209X8ON00,9,13,10,4,16,11,16,18,,,,,
FWU00X492XXX8ON00,21,21,26,21,25,23,25,28,,,,,
FWU00X4930118ON00,6,3,4,8,5,4,3,,,,,,
FWU00X49301X8ON00,6,3,4,8,5,4,3,,,,,,
FWU00X4930218ON00,5,6,5,7,10,6,7,8,,,,,
FWU00X4930228ON00,,,,,1,,,,,,,,
FWU00X4930238ON00,34,30,32,33,44,64,66,58,,,,,
FWU00X49302X8ON00,39,36,38,41,55,72,74,67,,,,,
FWU00X4930318ON00,19,26,28,30,25,29,29,39,,,,,
FWU00X49303X8ON00,19,26,28,30,25,29,29,39,,,,,
FWU00X4930418ON00,17,7,8,12,7,10,13,9,,,,,
FWU00X4930428ON00,17,25,15,17,21,27,14,16,,,,,
FWU00X49304X8ON00,34,32,23,29,29,38,27,27,,,,,
FWU00X4930518ON00,,,,,3,,1,,,,,,
FWU00X4930528ON00,,,,3,,3,4,4,,,,,
FWU00X4930538ON00,,1,1,5,1,,,3,,,,,
FWU00X49305X8ON00,4,3,4,10,6,7,6,8,,,,,
FWU00X4930918ON00,,,1,,,,,,,,,,
FWU00X4930928ON00,1,,,,,,,,,,,,
FWU00X4930938ON00,10,10,6,10,9,3,4,9,,,,,
FWU00X49309X8ON00,12,10,7,10,9,4,4,9,,,,,
FWU00X493XXX8ON00,114,110,104,128,129,154,143,152,,,,,
FWU00X4990118ON00,1,,3,,1,,,,,,,,
FWU00X4990128ON00,1,,,,,,,,,,,,
FWU00X49901X8ON00,2,,3,3,3,4,3,,,,,,
FWU00X4990218ON00,18,20,29,29,29,37,24,40,,,,,
FWU00X49902X8ON00,18,20,29,29,29,37,24,40,,,,,
FWU00X4990318ON00,,,,,,3,3,,,,,,
FWU00X49903X8ON00,,,,,,3,3,,,,,,
FWU00X4990418ON00,31,20,9,24,22,22,14,14,,,,,
FWU00X4990438ON00,17,9,11,11,10,13,9,10,,,,,
FWU00X4990448ON00,5,1,6,8,6,10,5,3,,,,,
FWU00X49904X8ON00,53,32,27,43,38,45,28,27,,,,,
FWU00X4990518ON00,26,27,27,25,26,21,26,29,,,,,
FWU00X4990528ON00,12,10,15,19,14,21,15,10,,,,,
FWU00X49905X8ON00,38,37,42,44,40,42,41,39,,,,,
FWU00X4990648ON00,,,,,,,1,,,,,,
FWU00X49906X8ON00,,,,,,,1,,,,,,
FWU00X4990718ON00,65,69,71,68,69,75,87,64,,,,,
FWU00X49907X8ON00,65,69,71,68,69,75,87,64,,,,,
FWU00X4990918ON00,,,3,,,3,,,,,,,
FWU00X4990928ON00,5,5,10,5,,9,5,,,,,,
FWU00X4990948ON00,,,1,,,,3,,,,,,
FWU00X4990958ON00,,,,3,1,3,,,,,,,
FWU00X4990968ON00,3,4,7,,3,4,,3,,,,,
FWU00X4990978ON00,,,,,,,1,,,,,,
FWU00X4990988ON00,3,5,6,12,6,10,,3,,,,,
FWU00X49909X8ON00,22,23,35,30,21,41,23,20,,,,,
FWU00X499XXX8ON00,201,184,208,219,202,249,211,194,,,,,
FWU00X49XXXX8ON00,354,348,370,406,392,470,414,420,,,,,
FWU00X5110118ON00,35,25,27,22,46,31,31,26,,,,,
FWU00X51101X8ON00,35,25,27,22,46,31,31,26,,,,,
FWU00X511XXX8ON00,35,25,27,22,46,31,31,26,,,,,
FWU00X5120228ON00,,,,,,1,,3,,,,,
FWU00X51202X8ON00,,,,4,,1,,3,,,,,
FWU00X5120418ON00,,,1,1,5,,1,,,,,,
FWU00X51204X8ON00,,,1,1,5,,1,,,,,,
FWU00X5120918ON00,,,,1,,,,,,,,,
FWU00X5120928ON00,,,,,2,3,,,,,,,
FWU00X51209X8ON00,9,8,6,7,7,8,8,10,,,,,
FWU00X512XXX8ON00,12,9,8,13,15,10,11,15,,,,,
FWU00X5130118ON00,1,,,,2,3,,4,,,,,
FWU00X51301X8ON00,1,,,,2,3,,4,,,,,
FWU00X5130218ON00,,1,,1,,,3,,,,,,
FWU00X5130228ON00,,4,,,,7,,,,,,,
FWU00X5130238ON00,1,,,5,,,3,,,,,,
FWU00X51302X8ON00,3,6,4,7,4,9,6,3,,,,,
FWU00X5130928ON00,,,,3,,,,,,,,,
FWU00X5130938ON00,,,,1,,,,,,,,,
FWU00X51309X8ON00,,,,5,,3,6,3,,,,,
FWU00X513XXX8ON00,6,7,7,14,6,15,13,10,,,,,
FWU00X5140118ON00,,,1,3,1,,,1,,,,,
FWU00X51401X8ON00,,,1,3,,,,1,,,,,
FWU00X5140218ON00,,,,,,1,,,,,,,
FWU00X5140238ON00,,1,1,4,,5,,1,,,,,
FWU00X51402X8ON00,,,4,7,3,7,,,,,,,
FWU00X5140318ON00,,6,5,2,6,5,5,4,,,,,
FWU00X5140338ON00,,,,,,,1,1,,,,,
FWU00X51403X8ON00,3,9,6,4,6,7,8,7,,,,,
FWU00X5140418ON00,8,11,12,8,11,6,8,13,,,,,
FWU00X51404X8ON00,8,11,12,8,11,6,8,13,,,,,
FWU00X5140528ON00,,,,,,1,,,,,,,
FWU00X51405X8ON00,,,,4,,1,,,,,,,
FWU00X5140718ON00,,1,,,,,,,,,,,
FWU00X5140728ON00,,3,,,5,4,,,,,,,
FWU00X51407X8ON00,,4,,,5,4,,,,,,,
FWU00X5140818ON00,,,,,,,,1,,,,,
FWU00X51408X8ON00,,,,,,,,1,,,,,
FWU00X5141118ON00,,,,,3,,,,,,,,
FWU00X51411X8ON00,,,,,3,,,,,,,,
FWU00X5141218ON00,40,44,46,38,52,39,35,41,,,,,
FWU00X5141228ON00,5,3,,,1,,,,,,,,
FWU00X51412X8ON00,45,47,47,39,53,40,37,42,,,,,
FWU00X5141938ON00,,,,,,1,,,,,,,
FWU00X51419X8ON00,5,10,7,5,1,11,3,10,,,,,
FWU00X514XXX8ON00,65,84,81,74,86,78,62,80,,,,,
FWU00X5151128ON00,3,1,,3,,4,,,,,,,
FWU00X51511X8ON00,3,1,,4,,5,,,,,,,
FWU00X5151XX8ON00,3,1,,4,,5,,,,,,,
FWU00X5160118ON00,4,5,,1,,3,3,4,,,,,
FWU00X51601X8ON00,4,5,,1,,3,3,4,,,,,
FWU00X5160318ON00,,,,1,,,,,,,,,
FWU00X51603X8ON00,,,,1,,,,,,,,,
FWU00X5160418ON00,1,,,,,,,,,,,,
FWU00X51604X8ON00,1,,,,,,,,,,,,
FWU00X5160618ON00,,,1,,,,,,,,,,
FWU00X5160638ON00,,,,,,,1,,,,,,
FWU00X51606X8ON00,,,1,,3,,,,,,,,
FWU00X5160938ON00,,,,,,1,,,,,,,
FWU00X51609X8ON00,,,,,,1,1,1,,,,,
FWU00X516XXX8ON00,9,7,3,3,6,6,8,5,,,,,
FWU00X5170118ON00,,,,,,,3,3,,,,,
FWU00X51701X8ON00,,,,,,,3,3,,,,,
FWU00X5170218ON00,,1,,,,3,3,,,,,,
FWU00X51702X8ON00,,1,,,,3,3,,,,,,
FWU00X5170418ON00,5,4,8,5,7,5,4,7,,,,,
FWU00X5170428ON00,,,,,1,,,,,,,,
FWU00X51704X8ON00,6,6,9,7,8,7,6,8,,,,,
FWU00X517XXX8ON00,6,9,10,10,9,11,12,13,,,,,
FWU00X5180138ON00,4,,,1,,3,,3,,,,,
FWU00X51801X8ON00,4,,,1,,3,,3,,,,,
FWU00X5180218ON00,2,,4,,,,4,,,,,,
FWU00X51802X8ON00,2,,4,,,,4,,,,,,
FWU00X5180318ON00,9,5,4,5,6,5,9,7,,,,,
FWU00X51803X8ON00,9,5,4,5,6,5,9,7,,,,,
FWU00X5180918ON00,,,1,,,,,,,,,,
FWU00X5180938ON00,3,,,3,9,4,5,5,,,,,
FWU00X51809X8ON00,5,6,4,7,13,5,7,9,,,,,
FWU00X518XXX8ON00,20,13,12,15,20,15,23,21,,,,,
FWU00X5190118ON00,,5,,3,,,,,,,,,
FWU00X5190128ON00,,,,,1,,,,,,,,
FWU00X51901X8ON00,3,7,3,3,,,3,,,,,,
FWU00X5190218ON00,4,,,3,4,,,,,,,,
FWU00X5190228ON00,,,1,,,,,,,,,,
FWU00X5190238ON00,4,,5,9,,4,3,,,,,,
FWU00X51902X8ON00,8,,8,13,4,5,7,3,,,,,
FWU00X5190328ON00,1,,,,3,,,,,,,,
FWU00X51903X8ON00,,,,,3,,,,,,,,
FWU00X5190418ON00,,3,1,4,5,3,3,3,,,,,
FWU00X51904X8ON00,,3,1,4,5,3,3,3,,,,,
FWU00X5190518ON00,,,1,,3,,,3,,,,,
FWU00X51905X8ON00,,,1,,3,,,3,,,,,
FWU00X5190618ON00,7,6,7,8,10,9,6,9,,,,,
FWU00X51906X8ON00,7,6,7,8,10,9,6,9,,,,,
FWU00X5190718ON00,,,,,,,3,,,,,,
FWU00X51907X8ON00,,,,,,,3,,,,,,
FWU00X5191118ON00,,6,4,,,3,3,,,,,,
FWU00X51911X8ON00,,6,4,,,3,3,,,,,,
FWU00X5191218ON00,,,,,,,,1,,,,,
FWU00X5191228ON00,,3,,3,3,5,3,4,,,,,
FWU00X5191238ON00,,,,,,,,1,,,,,
FWU00X51912X8ON00,4,5,4,5,5,7,6,6,,,,,
FWU00X5191418ON00,,,,,,,1,,,,,,
FWU00X51914X8ON00,,,,,,,1,,,,,,
FWU00X5191938ON00,,,,,,,,1,,,,,
FWU00X5191958ON00,,,,,,3,,1,,,,,
FWU00X5191968ON00,,1,2,1,6,1,,,,,,,
FWU00X5191978ON00,,,1,,3,,1,,,,,,
FWU00X5191988ON00,,7,6,,3,3,,3,,,,,
FWU00X51919X8ON00,35,32,34,21,29,14,24,25,,,,,
FWU00X519XXX8ON00,66,66,63,57,61,45,59,54,,,,,
FWU00X51XXXX8ON00,222,221,213,212,250,216,221,225,,,,,
FWU00X5310118ON00,,,,,,2,,,,,,,
FWU00X53101X8ON00,,,,,,2,,,,,,,
FWU00X5310218ON00,5,6,9,9,6,15,5,11,,,,,
FWU00X53102X8ON00,5,6,9,9,6,15,5,11,,,,,
FWU00X5310318ON00,11,15,14,18,15,10,24,11,,,,,
FWU00X53103X8ON00,11,15,14,18,15,10,24,11,,,,,
FWU00X531XXX8ON00,16,21,23,27,21,27,29,22,,,,,
FWU00X5320118ON00,4,8,3,10,11,5,9,7,,,,,
FWU00X5320128ON00,67,64,61,72,46,70,50,63,,,,,
FWU00X53201X8ON00,71,72,64,82,57,75,59,70,,,,,
FWU00X5320318ON00,,,,1,,,,1,,,,,
FWU00X53203X8ON00,,,,1,,,,1,,,,,
FWU00X532XXX8ON00,71,72,66,84,57,75,59,71,,,,,
FWU00X5330118ON00,,1,1,,,1,,,,,,,
FWU00X53301X8ON00,,1,1,,,1,,,,,,,
FWU00X5330218ON00,11,7,10,6,6,11,8,10,,,,,
FWU00X5330228ON00,8,14,8,12,11,10,7,6,,,,,
FWU00X53302X8ON00,19,21,18,18,17,21,15,16,,,,,
FWU00X5330318ON00,40,57,31,59,68,71,60,52,,,,,
FWU00X5330328ON00,670,695,707,761,745,786,840,831,,,,,
FWU00X5330338ON00,64,61,68,60,72,61,87,83,,,,,
FWU00X53303X8ON00,774,813,806,880,885,918,987,966,,,,,
FWU00X5330418ON00,64,50,61,68,54,60,62,47,,,,,
FWU00X53304X8ON00,64,50,61,68,54,60,62,47,,,,,
FWU00X53309X8ON00,14,12,12,13,22,12,18,13,,,,,
FWU00X533XXX8ON00,871,897,898,979,978,1012,1084,1044,,,,,
FWU00X5340118ON00,5,4,,,4,4,,3,,,,,
FWU00X5340138ON00,,1,,,,1,,,,,,,
FWU00X53401X8ON00,7,5,,,5,5,,3,,,,,
FWU00X5340218ON00,4,,,,,,,,,,,,
FWU00X53402X8ON00,4,,,,,,,,,,,,
FWU00X5340318ON00,8,5,4,4,3,6,4,8,,,,,
FWU00X53403X8ON00,8,5,4,4,3,6,4,8,,,,,
FWU00X5340418ON00,,1,,,,,,,,,,,
FWU00X53404X8ON00,,1,,,,,,,,,,,
FWU00X53409X8ON00,,,,,,,1,,,,,,
FWU00X534XXX8ON00,19,11,6,8,10,13,7,14,,,,,
FWU00X5350118ON00,6,10,14,9,6,15,9,13,,,,,
FWU00X53501X8ON00,6,10,14,9,6,15,9,13,,,,,
FWU00X5350218ON00,5,4,7,5,8,4,11,10,,,,,
FWU00X5350228ON00,,,,,,,1,,,,,,
FWU00X53502X8ON00,5,4,8,5,8,4,12,10,,,,,
FWU00X5350318ON00,4,1,1,,,3,,,,,,,
FWU00X53503X8ON00,4,1,1,,,3,,,,,,,
FWU00X535XXX8ON00,15,15,23,15,15,22,21,24,,,,,
FWU00X5360218ON00,4,4,,,4,,,3,,,,,
FWU00X53602X8ON00,4,4,,,4,,,3,,,,,
FWU00X5360318ON00,,2,4,,3,,,5,,,,,
FWU00X53603X8ON00,,2,4,,3,,,5,,,,,
FWU00X5360418ON00,1,,2,3,,,,,,,,,
FWU00X53604X8ON00,1,,2,3,,,,,,,,,
FWU00X5360518ON00,6,,3,,2,1,1,3,,,,,
FWU00X53605X8ON00,6,,3,,2,1,1,3,,,,,
FWU00X5360618ON00,,,1,,,,,,,,,,
FWU00X53606X8ON00,,,1,,,,,,,,,,
FWU00X53609X8ON00,1,1,2,,,4,4,,,,,,
FWU00X536XXX8ON00,14,12,13,9,14,11,8,13,,,,,
FWU00X5370118ON00,3,,2,5,4,5,8,2,,,,,
FWU00X53701X8ON00,3,,2,5,4,5,8,2,,,,,
FWU00X5370218ON00,10,11,16,10,15,16,10,9,,,,,
FWU00X53702X8ON00,10,11,16,10,15,16,10,9,,,,,
FWU00X5370328ON00,16,10,13,18,9,20,12,12,,,,,
FWU00X5370338ON00,,,,,1,,1,1,,,,,
FWU00X53703X8ON00,16,10,15,20,11,20,13,13,,,,,
FWU00X5370418ON00,4,,,4,5,,,,,,,,
FWU00X53704X8ON00,4,,,4,5,,,,,,,,
FWU00X5370518ON00,34,30,29,37,34,37,34,44,,,,,
FWU00X53705X8ON00,34,30,29,37,34,37,34,44,,,,,
FWU00X5370618ON00,16,8,17,14,21,17,19,16,,,,,
FWU00X5370628ON00,94,108,95,87,73,92,106,113,,,,,
FWU00X5370638ON00,,,,,,1,1,,,,,,
FWU00X5370648ON00,,,4,3,,,4,5,,,,,
FWU00X53706X8ON00,114,119,117,106,97,111,130,136,,,,,
FWU00X5370728ON00,4,9,,6,,4,,3,,,,,
FWU00X5370738ON00,4,,4,5,,,3,6,,,,,
FWU00X53707X8ON00,8,12,6,11,,4,4,9,,,,,
FWU00X5370818ON00,30,31,33,27,33,31,30,37,,,,,
FWU00X53708X8ON00,30,31,33,27,33,31,30,37,,,,,
FWU00X5371118ON00,,1,4,,,1,1,1,,,,,
FWU00X53711X8ON00,,1,4,,,1,1,1,,,,,
FWU00X5371218ON00,3,,3,3,6,,4,,,,,,
FWU00X53712X8ON00,3,,3,3,6,,4,,,,,,
FWU00X53719X8ON00,4,2,,1,,,,,,,,,
FWU00X537XXX8ON00,227,219,226,224,206,228,235,255,,,,,
FWU00X53XXXX8ON00,1233,1247,1255,1346,1301,1388,1443,1443,,,,,
FWU00X55XXXX8ON00,57,50,71,56,73,62,72,82,,,,,
